標題,連結,內文,來源,時間,圖片,is_disaster,國家,地點,災害,event,content,summary
輕颱丹娜絲逼近！中南部防大雨、北台高溫飆36度,https://newtalk.tw/news/view/2025-07-05/980041,"隨著第4號颱風「丹娜絲」逐步逼近，中央氣象署指出，今（5日）受其外圍環流影響，中南部及東半部地區將出現短暫陣雨或雷雨，尤其南部與花東降雨時間長、雨勢較明顯，局部地區不排除有大雨發生。中部與東北部地區則以午後至晚間雨勢較集中，北部則以多雲為主，午後亦有局部雷陣雨機率。
氣象社群「台灣颱風論壇｜天氣特急」特別提醒，花蓮與台東長時間位於迎風面，降雨量可能大於西部，民眾應嚴加戒備。另根據「林老師氣象站」評估，最快今天上午8時30分起，氣象署可能發布海上颱風警報；晚間8時前後，也不排除進一步發布陸上警報。
當前熱搜：日本又被川普關稅打到! 憂「車流量過大」 台積電恐延遲設熊本二廠
雖然丹娜絲目前維持在輕颱等級，但其移動路徑將穿越台灣海峽，受中國華南及台灣地形干擾，結構容易遭破壞，再加上海峽屬淺海區，不利颱風發展，預估強度將持穩。
在高溫方面，今日各地氣溫約為32至35度，桃園以北、彰化與金門局部地區可能飆破36度。外出活動民眾請加強防曬、補水，留意中暑風險。
風浪方面，颱風外圍環流影響北海岸、宜蘭、西南部與澎湖沿海地區，預估平均風力可達6級、陣風達8級以上。南部、東南部（含蘭嶼、綠島）、恆春半島及澎湖海域也可能出現長浪，請海邊活動民眾務必注意安全，避免前往危險海域。
另外，第3號輕度颱風「木恩」（MUN）目前位於台灣東方超過2000公里處，正朝東北轉北方向前進，預估不會影響台灣。
空氣品質方面，受颱風外圍環流影響，今日環境風場為東南風，西半部風速偏弱，污染物易累積，午後臭氧濃度可能上升。雲嘉南、高屏、宜蘭、花東空品區及馬祖、澎湖為「良好」等級，雲嘉南與高屏地區局部時段可能轉為「普通」；北部、竹苗、中部與金門則為「普通」等級。",Newtalk新聞,2025-07-05,https://images.newtalk.tw/resize_action2/800/album/news/981/6868669a05975.png,True,台灣,"中南部,東半部,花蓮,台東,南部,花東,中部,東北部,北部,桃園,彰化,金門,北海岸,宜蘭,西南部,澎湖,蘭嶼,綠島,恆春半島,馬祖",颱風,台灣中南部颱風,第4號颱風丹娜絲逼近台灣，受其外圍環流影響，中南部及東半部地區將出現長時間陣雨或雷雨，花東雨勢明顯，局部地區可能有大雨；北部地區以多雲為主，高溫可達36度；沿海地區風浪增強，平均風力達6級以上，民眾需加強防範。,預期中南部、東半部及沿海地區受颱風影響，可能出現大雨、風浪和淹水風險，風力達6-8級；北部高溫風險導致中暑可能；無具體損失數據如死亡人數或財產損失報告，但呼籲民眾注意安全以避免潛在傷害。
印度雨季引發災情 北部山區至少69死110傷,https://money.udn.com/money/story/5599/8851090,"印度當局今天表示，印度北部的喜馬拉雅山區連續逾兩週的暴雨，引發洪水與山崩，已導致至少69人死亡、110人受傷。
法新社報導，印度每年雨季期間，常因暴雨引發洪災與山崩，進而造成傷亡。近日的大雨導致源自冰川的比斯河（Beas）等多條河川暴漲，重創印度北部的喜馬偕爾邦（Himachal Pradesh）交通，多條道路因此癱瘓。
當地的稅務機關在聲明中說，過去兩週內發生多起災害，目前已造成69人罹難、110人受傷。
印度氣象局昨天針對喜馬偕爾邦與鄰近的觀光勝地阿坎德邦（Uttarakhand）發布了新一輪的大雨相關特報，兩地皆位於北部的喜馬拉雅山區，而阿坎德邦對於印度遊客而言是熱門景點。
印度每年雨季從6月持續至9月，雖能緩解高溫並補充水資源，但也會引發災害，造成嚴重傷亡與災損。
雨季期間的降雨，在6月已奪走印度東北部地區至少30條人命，另有數十人受傷。",經濟日報,2025-07-04,,True,印度,"喜馬拉雅山區,喜馬偕爾邦,阿坎德邦,比斯河,印度東北部地區",暴雨,印度喜馬拉雅山區大雨,印度北部喜馬拉雅山區連續逾兩週的暴雨引發洪水與山崩，已造成至少69人死亡、110人受傷。多條河川暴漲，導致交通道路癱瘓，影響喜馬偕爾邦和阿坎德邦。氣象局發布大雨特報，提醒雨季持續帶來災害風險，包含嚴重傷亡與災損。,此次災害導致至少69人死亡、110人受傷，多條道路癱瘓並造成交通中斷，影響範圍涵蓋印度北部喜馬拉雅山區的喜馬偕爾邦和阿坎德邦。河川暴漲加劇洪水與山崩，可能引發財產損失，雨季期間東北部另有至少30人死亡，總體威脅持續。
快訊》丹娜絲風雨壓境！氣象署晚間發布海陸警報 苗栗以南嚴防大雨豪雨 | 生活,https://newtalk.tw/news/view/2025-07-05/980133,"輕度颱風「丹娜絲」逼近台灣，中央氣象署繼今（5日）上午8時30分發布海上颱風警報後，晚間8時30分再度升級，對屏東、高雄、台南、嘉義縣市發布陸上颱風警報，顯示颱風風雨威脅進一步擴大。氣象署指出，丹娜絲不僅強度略為增強，暴風圈也持續擴張，研判週日至週一上半天將從台灣海峽北上，影響程度不容小覷。
根據氣象署最新觀測，丹娜絲於晚間8時的中心位置在北緯20.8度、東經117.9度，距離鵝鑾鼻西南西方約330公里，以每小時10轉20公里速度朝北北東再轉東北前進。近中心最大風速為每秒23公尺，瞬間最大陣風達每秒30公尺，七級風暴風半徑達80公里。
精選報導：「丹娜絲」逼近！氣象署20:30陸警 首波警戒範圍曝光
氣象局提醒，今晚起苗栗以南、花東地區與恆春半島將有顯著降雨，並可能出現局部大雨及短延時豪雨，山區及低窪地區應特別留意土石流與積淹水風險。目前高雄市、台南市、屏東縣已率先宣布明（6日）停班停課。",Newtalk新聞,2025-07-05,https://images.newtalk.tw/resize_action2/800/album/news/981/686923742c286.png,True,台灣,"屏東,高雄,台南,嘉義縣市,苗栗以南,花東地區,恆春半島,鵝鑾鼻",颱風,台灣中南部颱風,輕度颱風丹娜絲逼近台灣，氣象署於5日晚間發布陸上颱風警報，影響屏東、高雄、台南、嘉義等地。颱風中心位於鵝鑾鼻西南約330公里，以每小時10-20公里速度北北東前進，最大風速每秒23公尺。預計週日至週一帶來顯著降雨，苗栗以南地區恐有大雨及豪雨，山區低窪地帶須防土石流與積水。,颱風丹娜絲將導致台灣苗栗以南、花東及恆春半島出現大雨與豪雨，伴隨土石流和積淹水風險。高雄市、台南市及屏東縣已宣布6日停班停課，無明確死亡或撤離人數報告。財產損失數據未提，但潛在影響包括低窪地區水災及山區不穩。
颱風丹娜絲逼近氣象署估午夜後發陸警| 生活,https://newtalk.tw/news/view/2025-07-05/980051,"今年第4號颱風丹娜絲生成，氣象署發布海上颱風警報，預估深夜後發布陸上颱風警報，隨著颱風外圍環流逐漸靠近，花東、恆春可能出現局部性大雨，降雨帶將逐漸向北擴展。
中央氣象署今天上午發布第4號颱風丹娜絲海上颱風警報，根據氣象署網站，颱風上午8時中心位置在鵝鑾鼻的西南西方約410公里處，以每小時8轉11公里速度，向北北東進行。
當前熱搜：日本今天大地震? 氣象廳跳出來大罵「騙局」 稱完全沒這「3要素」……..
氣象署簡任技正伍婉華表示，根據各國颱風預報模式研判，預估颱風丹娜絲未來將逐漸往北、再往北北東方向，朝台灣海峽南部方向移動，明天至7日上半天影響最明顯，若依目前預估方向和速度，有可能在今天深夜後發布陸上颱風警報。
伍婉華指出，今天清晨至目前為止，颱風外圍環流逐漸靠近，氣象署已針對恆春半島發布大雨特報，她提醒，無論是今天颱風外圍環流或明天颱風本身環流，一旦旺盛對流雲系移到上空，就會帶來瞬間短延時強降雨，也會有閃電、雷擊狀況。
隨著颱風丹娜絲逐漸接近，伍婉華表示，除了台東、恆春外，預估花蓮今天斷斷續續都會下短暫性陣雨或雷雨，花東地區、恆春可能會出現局部性大雨，降雨帶將逐漸向北擴展，東北部、宜蘭、中部地區、澎湖、金門會有短暫性陣雨或雷雨，而北部地區午後有雷陣雨。
伍婉華指出，颱風丹娜絲明天將朝著台灣海峽南部逐漸北上，各地都會下短暫性陣雨或雷雨，澎湖、金門、馬組可能有局部性大雨，南部和東南部甚至可能出現局部性豪雨。
伍婉華表示，7日颱風丹娜絲到達台灣海峽北部附近，預估強度會稍微減弱，降雨稍微緩和，但仍須視颱風移動狀況而定。
對於輕颱丹娜絲是否有機會增強為中颱，伍婉華表示，颱風丹娜絲目前逐漸增強，但到北部後環境對其發展不利，預估最強強度可能為輕度颱風等級，但她提醒，大氣狀況和模擬狀況可能會有差異，仍須持續監測。
伍婉華指出，雖然大家可能覺得颱風丹娜絲是規模不算很大的颱風，但只要是颱風，暴風圈所在區域可能會有強風、豪雨，她提到澎湖可能是颱風中心接近的地方，提醒當地民眾提高警覺、注意安全。
颱風丹娜絲路徑潛勢預報。   圖/中央氣象署網頁cwa.gov.tw",Newtalk新聞,2025-07-05,https://images.newtalk.tw/resize_action2/800/album/news/981/68688e36902be.jpg,True,台灣,"花東,恆春,台東,花蓮,東北部,宜蘭,中部地區,澎湖,金門,南部,東南部,馬祖,台灣海峽南部,台灣海峽北部,鵝鑾鼻",颱風,台灣中南部颱風,今年第4號颱風丹娜絲已生成，位於鵝鑾鼻西南方約410公里，以每小時8-11公里速度向北北東移動。氣象署發布海上警報，預估今晚發布陸上警報，花東和恆春將有局部大雨，降雨帶擴展至東北部、中部和宜蘭。明天至7日影響最明顯，可能出現強降雨、雷擊和陣雨。,颱風丹娜絲預計帶來強風和豪雨，影響台灣花東、恆春、南部、東南部、澎湖、金門等地，潛在風險包括局部豪雨可能導致洪水或水災。無具體損失數據報告，如死亡人數或財產損失，但民眾需注意強降雨和雷擊的安全威脅。
（影）暴雨沖垮德州! 洪水奪24命還有20女童失蹤、熱浪炸裂密蘇里州公路| 國際,https://newtalk.tw/news/view/2025-07-05/980095,"美國近日遭逢極端天氣夾擊，密蘇里州因酷暑導致柏油路面瞬間炸裂，德州中部則因豪雨引發「世紀洪患」，造成重大死傷與失蹤案例，地方政府與氣象單位已多次示警，呼籲民眾避免外出、遠離積水與受損設施。
據《Nexta TV》指出，密蘇里州東南部開普吉拉多（Cape Girardeau）昨（4）日出現攝氏 40 度以上高溫，路面溫度急遽膨脹，導致州際公路一段柏油突裂隆起；監視器畫面顯示，一輛行駛中的轎車毫無預警撞上裂縫，被彈飛數十公尺，所幸駕駛僅受輕傷。當地警方與公路單位緊急封閉道路搶修，並提醒駕駛人留意「爆街」風險。 ￼
全站首選：日本今天大地震? 氣象廳跳出來大罵「騙局」 稱完全沒這「3要素」……..
同一時間，數百公里外的德州丘陵地帶（Texas Hill Country）遭遇傾盆暴雨，短短數小時累積逾一個月雨量，促使瓜達盧佩河（Guadalupe River）與多條支流決堤氾濫。據《路透社》、《休士頓紀事報》報導，克爾郡（Kerr County）與鄰近縣公告，洪水已奪走至少 24 條人命，另有超過 20 名女童在位於河畔的「Camp Mystic」夏令營失蹤，大批搜救人員動員船艇、直升機及無人機，通宵搜索。
據報導，德州州長艾波特（Greg Abbott）已下令州警、國民兵及聯邦資源全面支援，並設立緊急收容中心與家屬聯絡站。 ￼ ￼
《美聯社》報導則指出，美國國家氣象局（NWS）已對德州中部、東部發出「威脅生命安全」的洪災與暴雨警報，也強調部分低窪地區及縣道公路可能在數分鐘內被洪水吞沒；路況惡化造成至少六起致命意外。氣象局籲請民眾切勿涉水駕車，並備妥斷電與飲水中斷等緊急應變計畫。 ￼
美國德州中部爆洪水危機，至少奪走24條人命、夏令營逾20人失蹤。   影片來源：X
美國德州洪水來襲，多地遭殃成汪洋。   圖：翻攝自 X",Newtalk新聞,2025-07-05,https://images.newtalk.tw/resize_action2/800/album/news/981/6868d864921d5.jpeg,True,美國,"密蘇里州,開普吉拉多,德州,德州中部,德州丘陵地帶,瓜達盧佩河,克爾郡",洪水,美國密蘇里州大雨,美國近日面臨極端天氣，密蘇里州高溫超過40攝氏度導致路面炸裂，造成車禍輕傷；德州中部豪雨引發洪水，奪走至少24條人命，逾20名女童在夏令營失蹤。氣象局發出警報，呼籲民眾避免外出並備妥應變措施，地方政府動員資源進行搜救與搶修。,德州洪水造成至少24人死亡、逾20名女童失蹤，並引發多起致命車禍，影響中部和東部地區，包括瓜達盧佩河決堤和低窪地帶淹沒；密蘇里州高溫導致路面炸裂，造成輕傷意外。總損失包括重大生命威脅和基礎設施損壞，當地已啟動緊急應變和搜救行動。
巴基斯坦暴雨洪水為患 數天內45人死亡,https://money.udn.com/money/story/5599/8840237,"巴基斯坦災難管理官員今天表示，自雨季開始以來，境內各地的暴雨與洪災在短短數天內已造成45人死亡。
法新社報導，巴基斯坦與阿富汗接壤的開柏普赫圖赫瓦省（Khyber Pakhtunkhwa）死亡人數最多，共有21人罹難，包括10名兒童。
災難管理部門表示，其中14名罹難者死於史瓦特河谷（Swat Valley）。媒體報導，一場暴洪捲走岸邊多個家庭。
巴基斯坦人口最多並與印度接壤的旁遮普省（Punjab），自本月25日以來已記錄13人死亡，其中8人是兒童，他們因牆壁或屋頂在暴雨中倒塌而喪命，成年人則是死於突如其來的洪水。
巴基斯坦的信德省（Sindh）與俾路支省（Balochistan）也有11人因季風暴雨死亡。
國家氣象局警告，至少在7月5日之前，出現暴雨與暴洪的風險仍然很高。
位於南亞的巴基斯坦今年春天經歷多起極端天氣事件，包括強烈的冰雹。上個月，至少有32人在強烈風暴中喪生。
巴基斯坦是世界上最易受到氣候變遷影響的國家之一，全國2.4億名居民面臨著日益頻繁的極端天氣事件。",經濟日報,2025-06-30,,True,巴基斯坦,"開柏普赫圖赫瓦省,史瓦特河谷,旁遮普省,信德省,俾路支省",暴雨,巴基斯坦開柏普赫圖赫瓦省大雨,巴基斯坦雨季期間，暴雨引發洪災導致45人死亡，主要發生在開柏普赫圖赫瓦省（21人，包括10名兒童）、旁遮普省（13人）和信德省與俾路支省（11人）。災情包括洪水捲走家庭和建築物倒塌，國家氣象局警告暴雨風險持續至7月5日，凸顯氣候變遷對該國的嚴重影響。,此次災害造成45人死亡，其中開柏普赫圖赫瓦省21人（包括10名兒童）、旁遮普省13人（多為兒童因建築倒塌喪生）、信德省與俾路支省11人。影響範圍涵蓋多省，如史瓦特河谷等地，受洪水和暴雨侵襲，無明確撤離或財產損失數據，但事件凸顯巴基斯坦2.4億居民面臨氣候極端天氣威脅。
德州暴雨釀洪災至少13人死亡 女孩夏令營遭沖毀、逾20人失蹤,https://money.udn.com/money/story/5599/8851960?from=edn_next_story,"美國德州遭遇惡劣天氣，部分地區爆發洪災，已造成至少13人死亡。位於聖安東尼奧郊區的一個基督教全女子過夜夏令營營舍疑似遭「災難性」的洪水沖毀，有超過20名女孩失蹤，恐已不幸罹難。
今日美國報引述氣象學家卡普奇（Matthew Cappucci）在「X」發文報導，當地近日累積降雨量超過25.4公分，而「這個區域的年均降雨量約為71.12公分到81.28公分。想像一下，6小時內降下4個月的雨量。」
他補充說，位於凱爾郡杭特（Hunt, Kerr County）的瓜達盧佩河（Guadalupe River）在3小時內暴漲了12.2公尺。
連結：https://x.com/MJTruthUltra/status/1941263476090880387
紐約郵報與BBC報導，德州州長艾伯特正在休假、代行職務的副州長派屈克（Dan Patrick）在記者會上則表示，瓜達盧佩河45分鐘內就暴漲近8公尺，直言這場毀滅性洪水「奪走財產，遺憾地也奪去生命。」
派屈克並宣讀瓜達盧佩河旁「神秘夏令營」（Camp Mystic）聲明，指出當地遭遇「災難性程度」的洪水，並告知家長，如果尚未接獲聯繫，就代表他們的孩子是安全的。
「神秘夏令營」共有年齡介於7歲到17歲之間的750名女孩參加，營地因當地降下暴雨而連夜疏散，但仍有部分營員留在原地。一些小屋據報被洪水淹沒，其他則被沖走，周圍道路也嚴重受損。
儘管部分兒童已經尋獲，但仍受困原地。派屈克估計，在「神秘夏令營」750名營員中，仍有約23人下落不明，但這不代表她們已經罹難。他說：「她們可能在樹上，可能無法與外界聯繫。我們為所有失蹤者祈禱，希望他們能活著被找到。」
派屈克表示，多達500名救援人員和18架直升機正投入搜尋生還者。州政府4日稍早也出動40架直升機、12架無人機和9支潛水救援隊。他承諾：「我想讓大家知道，我們會盡所能全天候搜尋，查看每一棵樹，翻開每一塊石頭，不論付出什麼代價，如果你的孩子是真的失蹤，而不只是失聯，我們一定會找到你的女兒。」
凱爾郡警局長萊薩（Larry L. Leitha）警告：「目前此時仍有數人下落不明，但我們正全力搜救，並將持續努力。這個過程可能需要持續好幾天。」",經濟日報,2025-07-05,https://pgw.udn.com.tw/gw/photo.php?u=https://uc.udn.com.tw/photo/2025/07/05/realtime/32464835.jpg&x=0&y=0&sw=0&sh=0&sl=W&fw=1050&exp=3600&exp=3600,True,美國,"德州,聖安東尼奧郊區,凱爾郡,杭特,瓜達盧佩河,神秘夏令營",洪水,美國密蘇里州大雨,美國德州近日遭受強大暴雨襲擊，累積降雨量超過25.4公分，導致嚴重洪災，至少13人死亡。位於聖安東尼奧郊區的基督教女孩夏令營遭洪水沖毀，逾20名女孩失蹤，當地河流暴漲12.2公尺。救援隊正全力搜救，州政府動員直升機和人員應對危機。,此次洪災造成至少13人死亡、約23人失蹤，主要影響德州聖安東尼奧郊區和瓜達盧佩河流域。財產損失包括夏令營設施被沖毀、道路嚴重受損。救援行動已部署500名人員、18架直升機和多支隊伍，持續搜救生還者，預計需數天完成。
巴基斯坦連續一週暴雨和洪水 至少46人死亡,https://news.ltn.com.tw/news/world/breakingnews/5091484,"巴基斯坦官員今（30）日表示，各地持續近一周的強季風降雨和山洪暴發，已造成至少46人死亡和數十人受傷。（歐新社）
〔編譯謝宜哲／綜合報導〕巴基斯坦官員今（30）日表示，巴基斯坦各地持續近一週的強季風降雨和山洪暴發，已造成至少46人死亡和數十人受傷，類似以往緊急狀況的惡劣天氣，仍有可能持續。
根據《美聯社》報導，巴基斯坦國家災害管理局和各省緊急官員指出，自24日後異常強降雨造成的死亡人數，包括開柏普赫圖赫瓦省（Khyber Pakhtunkhwa）22人、旁遮普省（Punjab）東部13人、信德省（Sindh）南部7人以及俾路支省（Balochistan）西南部4人。
巴基斯坦氣象局副局長維爾克（Irfan Virk）聲稱，預計季風季節降雨量將高於正常水平，已向有關部門發出警報，要求其採取預防措施。他警告，不能排除2022年毀滅性洪災期間出現的「極端情況」重演可能性。當時暴雨淹沒巴基斯坦三分之一國土，造成1737人死亡和大面積破壞。
過去一週的罹難者包括27日被捲走的一家17口人中的13名遊客。其餘4名家庭成員已從開柏普赫圖赫瓦省洪水氾濫的斯瓦特河（Swat）中獲救。該省緊急服務部門發言人法伊茲（Bilal Faizi）聲稱，救援人員已發現該團體中的12具屍體，潛水員仍在繼續搜尋另一名受害者。
這起事件在網路上引發了廣泛譴責，許多人認為緊急服務部門反應遲緩。
不用抽 不用搶 現在用APP看新聞 保證天天中獎　 點我下載APP　 按我看活動辦法",自由時報,2025-06-30,https://img.ltn.com.tw/Upload/news/600/2025/06/30/5091484_1_1.jpg,True,巴基斯坦,"開柏普赫圖赫瓦省,旁遮普省,信德省,俾路支省,斯瓦特河",洪水,巴基斯坦開柏普赫圖赫瓦省大雨,巴基斯坦持續近一周的強季風降雨和山洪暴發，已造成至少46人死亡、數十人受傷，影響開柏普赫圖赫瓦省、旁遮普省、信德省及俾路支省等地。氣象局預測降雨量將高於正常水平，可能重演2022年大規模洪災，當地緊急服務正進行救援，但面臨批評。,巴基斯坦強降雨和洪水導致至少46人死亡（開柏普赫圖赫瓦省22人、旁遮普省13人、信德省7人、俾路支省4人），數十人受傷，包括一家庭17人中13人喪生、4人獲救。災害影響多省，造成嚴重人命損失，氣象局警告可能持續惡劣天氣，無財產損失數據。
丹娜絲明起影響台灣陸地！「淹水警戒地區」一次看| 生活,https://newtalk.tw/news/view/2025-07-05/980088,"輕度颱風「丹娜絲」估計明(6)日、後(7)天影響全台陸地，對此，國家災害防救科技中心彙整相關資料指出，丹娜絲朝台灣西南方海域接近，暴風圈將影響西南部海域，丹娜絲朝台灣西南方海域接近，暴風圈將影響西南部海域淹水警戒地區則共有8縣市、18鄉鎮市區，涵蓋東南部以及澎湖。
國家災害防救科技中心表示，丹娜絲暴風圈約80公里，今晚起影響西南部海域，預計6日晚上起到7日影響台灣陸地，主要強降雨地區為台中以南及東半部地區，根據高中低風險評估，台東縣鄰近的高雄、屏東山區為強降雨高風險區；台中以南為中風險區，桃竹苗與宜蘭為低風險區；雙北、基隆未列入風險。另外，全台沿海與離島及中部山區則列為強陣風的中風險區。
持續更新：懶人包》「丹娜絲」來勢洶洶！海陸空交通異動一次看
根據潮位監測，今日滿潮時間為下午4點到晚上7點，受到丹娜絲低壓影響，預估沿海潮位將偏高，提醒低窪區滿潮期間須注意強降雨造成的局部積淹水；水庫的調節性放水則提醒各主責政府單位透過細胞廣播平台發送預警；西南部及恆春半島沿海須留意長浪影響。
至於淹水警戒地區則共有8縣市、18鄉鎮市區，包含花蓮縣花蓮市、鳳林鎮、新城鄉；台東縣台東市、鹿野鄉；高雄市新興區、楠梓區、旗山區；台南市中西區、安平區、安南區；澎湖縣馬公市；屏東縣枋山鄉、恆春鎮；嘉義縣竹崎鄉、民雄鄉；彰化縣田尾鄉、溪州鄉。預警時間為今日10點到9日0點。
分析的坡地易致災區則有台南市、高雄市、屏東縣、花蓮縣、台東縣等5鄉鎮市，易造成孤島聚落的重要道路有：台8、台9（乙、丙、丁、戊）、台11（甲、乙、丙）、台14甲、台20（甲、乙）、台23、台24、台26、台27甲、台29約20條。
輕度颱風「丹娜絲」影響，主要強降雨地區為台中以南及東半部地區   圖：國家災害防救科技中心／提供
受到丹娜絲低壓影響，預估沿海潮位將偏高，西南部及恆春半島沿海須留意長浪影響。   圖：國家災害防救科技中心／提供",Newtalk新聞,2025-07-05,https://images.newtalk.tw/resize_action2/800/album/news/981/6868d4584c139.jpg,True,台灣,"台灣,澎湖,台灣西南方海域,西南部海域,東南部,台中,高雄,屏東山區,台南,桃竹苗,宜蘭,雙北,基隆,全台沿海,離島,中部山區,恆春半島,花蓮縣花蓮市,花蓮縣鳳林鎮,花蓮縣新城鄉,台東縣台東市,台東縣鹿野鄉,高雄市新興區,高雄市楠梓區,高雄市旗山區,台南市中西區,台南市安平區,台南市安南區,澎湖縣馬公市,屏東縣枋山鄉,屏東縣恆春鎮,嘉義縣竹崎鄉,嘉義縣民雄鄉,彰化縣田尾鄉,彰化縣溪州鄉,台南市,高雄市,屏東縣,花蓮縣,台東縣",颱風,台灣中南部颱風,輕度颱風丹娜絲預計6日至7日影響台灣陸地，主要帶來強降雨，淹水警戒地區涵蓋8縣市18鄉鎮市區，包括花蓮、台東、高雄、台南及澎湖等地。國家災害防救科技中心指出，台中以南及東半部為高風險區，沿海地區須留意潮位偏高和強陣風，呼籲注意局部積淹水與道路安全。,颱風丹娜絲將導致強降雨和潛在淹水，影響範圍包括台中以南及東半部地區，高風險區如高雄和屏東山區，淹水警戒涵蓋8縣市18鄉鎮市區。無具體損失數據報告，如死亡或撤離人數，但預警強陣風和潮位偏高，可能造成沿海積淹水和交通中斷。
（影）中國強降雨災情慘! 甘肅山體滑坡2死貴州榕江洪水一週兩淹4萬人撤離| 中國,https://newtalk.tw/news/view/2025-07-03/979766,"2 日 至 3 日中國甘肅隴南市局部出現強降雨天氣，隴南市徽縣有街道被淹，部分山區因降雨導致山體滑波。3 日，《新京報》記者從隴南市徽縣政府部門獲悉山體滑坡致 2 人不幸身亡，上述兩人均為當地一處施工工地內人員，目前，救援工作仍在進行中。
有畫面也顯示出，貴州榕江爆發嚴重洪水，原先洪水退去、居民都開始清理家園了，結果強降雨再次侵襲，城區一周內兩度被洪水淹沒。
延燒焦點：巴基斯坦否認要買中國殲-35 ！ 巴國防長突改口 疑與「這2大」因素有關.....
貴州榕江縣近日遭遇嚴重水患，因地處三江交匯、地勢低窪，成為此次洪災重災區。雖然前一波洪水退去，居民才剛開始忙著清理家園，沒想到 28 日官方又發布最新防汛預警，緊急呼籲全城居民儘速撤離避險。
根據《央視》報導，截至 28 日晚間 6 點，榕江縣已有超過 4.1 萬名民眾緊急撤離家園，部分地區車輛被要求全面撤出、只出不進。央視記者也在現場直擊，街頭可見大批民眾攜家帶眷、開車逃往城外，主要路口一度大塞車，市區交通幾乎癱瘓。
據統計，28 日下午 5 點過境的洪峰水位已達 253 公尺，災區街道洪區副指揮長田耕說：「對我們低窪地帶的小區，看還有沒有人員，我們把他全力疏散出來。」
另外，河南西峽發生強降雨發生大洪水，據河南省南陽市消防部門了解，截至目前，已搜尋到5名人員，均無生命體徵，現場搜救工作仍在進行中。
貴州榕江縣的水
傷亡人數目前沒有官方報出 pic.twitter.com/9jq1d5Nu4a
有畫面也顯示出，貴州榕江爆發嚴重洪水，原先洪水退去、居民都開始清理家園了，結果強降雨再次侵襲，城區一周內兩度被洪水淹沒。   影：翻攝自 X 沐陽
河南西峽發生強降雨發生大洪水，據河南省南陽市消防部門了解，截至目前，已搜尋到5名人員，均無生命體徵。   圖：翻攝自 央視",Newtalk新聞,2025-07-03,https://images.newtalk.tw/resize_action2/800/album/news/980/686641b0652e1.png,True,中國,"甘肅隴南市,隴南市徽縣,貴州榕江縣,河南西峽,河南省南陽市",洪水,中國甘肅隴南市大雨,中國近期遭受強降雨侵襲，甘肅隴南市發生山體滑坡導致2人死亡，救援仍在進行中。貴州榕江縣洪水一週內兩度淹沒城區，造成超過4.1萬人緊急撤離，交通嚴重癱瘓。河南西峽也面臨大洪水，導致5人喪生，多地低窪地區持續受災。,此次中國強降雨災害造成甘肅隴南山體滑坡2人死亡、河南西峽洪水5人死亡，總計至少7人喪生。貴州榕江縣有4.1萬人撤離，城區洪水氾濫導致交通癱瘓和家園損毀，影響範圍涵蓋甘肅、貴州和河南低窪地區，災情持續惡化。
風暴來襲淤泥覆蓋軌道 法國義大利高鐵暫停行駛數日,https://money.udn.com/money/story/5599/8843949?from=edn_newestlist_rank,"法國國家鐵路公司（SNCF）今天表示，受到本週稍早來襲的猛烈風暴影響，法國與義大利之間的高速列車將暫停行駛「至少數日」。
法新社報導，法國國家鐵路公司表示，將全面清理並檢修巴黎到米蘭的高速鐵路軌道，以避免任何可能導致復駛時間延後的損壞。
SNCF指出，風暴襲擊鄰近法國邊境車站莫丹（Modane）的莫赫延谷（Maurienne Valley），導致莫丹車站淹水，軌道也出現大量淤泥堆積，這條路線因此從昨天下午3時起暫停通行。
洪水在莫丹鎮造成財產損失，所幸沒有人員傷亡通報。
在此之前，連接巴黎與義大利杜林（Turin）和米蘭（Milan）的火車路線由於山崩損壞隧道，被迫關閉19個月，直到今年3月底才恢復通車。
SNCF和其義大利競爭對手「義大利國營鐵路公司」（Trenitalia）都在這條鐵路提供高速運輸服務。通常僅需6、7個小時就能將乘客從巴黎運送到義大利北部大城。",經濟日報,2025-07-01,,True,法國,"巴黎,莫丹,莫赫延谷,米蘭,杜林",洪水,法國巴黎洪水,本週一場猛烈風暴襲擊法國邊境地區，導致莫丹車站淹水和軌道淤泥堆積，法國與義大利之間的高速列車暫停行駛至少數日。鐵路公司正全面清理和檢修巴黎到米蘭路線，以確保安全。儘管造成財產損失，但無人員傷亡報告。,風暴引發洪水，造成莫丹鎮和莫赫延谷地區軌道損壞及淤泥堆積，導致高鐵暫停行駛至少數日，影響巴黎到米蘭路線。財產損失包括鐵路基礎設施損壞，無死亡或傷亡人數報告，亦無撤離人數提及，僅限法國邊境區域。
中國南方洪水轉移至四川 成都降雨創紀錄嚴重積水,https://news.ltn.com.tw/news/world/breakingnews/5090522,"中國貴州接連發生洪水，許多建築被淹在急流之中，今天豪雨區已轉向四川一帶，成都成為全中國暴雨核心區。（路透）
〔中央社〕中國南方近來豪雨成災，成為重災區的貴州榕江雖在今天終止防汛應急響應，但市面已滿目瘡痍。而四川繼貴州後成為豪雨災區，成都3個地區今早降雨量更高居全國前3名，多地嚴重積水，中國官方已提升四川的警戒等級，列入新一波防災重點。
連日飽受豪雨肆虐的榕江縣，日前已數度發布全城警報，最近一次更要求洪災危險區居民全數撤離，大批民眾連忙攜帶家當撤離家園，造成交通壅塞。而當地洪水雖已退去，縣府並在今天上午宣布終止防汛應急響應，轉入常態化防汛工作，但根據網傳畫面，榕江縣城區及部分鄉鎮街道滿是淤泥及垃圾，滿目瘡痍。
綜合中國媒體報導及網路訊息，原在貴州一帶的豪雨區昨天開始向四川境內轉移。截至今早7時，中國全境2569個國家級氣象觀測站中，位在成都的郫都、溫江、雙流位居全國每小時降雨量前3名，而郫都全日累計降雨量更達286毫米，已打破2013年創下的215毫米紀錄。
報導指出，成都今天取代貴州榕江，成為全中國暴雨核心區。其中，成都地鐵天府三街站內出現有如瀑布般的漏水，大批工作人員連忙堆放沙包擋水；而成都高新區一處社區的地下車庫在短短半小時內就被雨水灌滿，造成50多輛車泡水；而錦江區更出現外送員用橡皮艇送餐的畫面。
因應豪雨來襲，加上氣象預報指出，四川盆地從今早到明早將普遍降下中到大雨，部分地方更有豪雨及大豪雨，甚至有特大豪雨及強烈陣風等天氣，四川省防汛抗旱指揮部今天上午11時啟動4級防汛應急響應；而四川省水利廳也同時將洪水災害防禦4級響應升至3級。
氣象單位並評估，未來3天四川東部恐有強降雨過程，局部地區雨量恐創新高。因此，中國自然資源部也自今天上午10時針對四川省啟動地質災害防禦4級響應。
除四川外，中國氣象單位預測，今明兩天四川盆地、甘肅東南部、陜西南部、重慶大部等地有大到豪雨，部分地區恐有大豪雨乃至特大豪雨。中國氣象局今天因此將重大氣象災害（暴雨）應急響應從4級提升為3級。
不用抽 不用搶 現在用APP看新聞 保證天天中獎　 點我下載APP　 按我看活動辦法",自由時報,2025-06-29,https://img.ltn.com.tw/Upload/news/600/2025/06/29/phpE4SrwM.jpg,True,中國,"貴州,榕江,四川,成都,郫都,溫江,雙流,重慶,甘肅東南部,陜西南部",豪雨,中國甘肅隴南市大雨,中國南方持續豪雨導致洪水，從貴州轉移至四川，成都成為暴雨核心區，早晨降雨量創紀錄達286毫米，多地嚴重積水。當地居民大批撤離，基礎設施如地鐵和地下車庫受損，官方已提升防汛應急響應至3級，預計未來數日強降雨持續。,豪雨造成貴州榕江縣建築被淹和大批居民撤離，市面滿目瘡痍；四川成都地區地下車庫50多輛車輛泡水，地鐵站出現嚴重漏水。影響範圍涵蓋中國南方多地，包括貴州和四川盆地，官方啟動4級防汛應急響應並提升至3級，預防進一步洪災和財產損失。
準丹娜絲颱風準備生成！日本氣象廳發布GW 路徑直衝台灣西南部| 生活,https://newtalk.tw/news/view/2025-07-04/979872,"位於巴士海峽到南海一帶的熱帶擾動持續發展，稍早日本氣象廳已將由低氣壓升級為熱帶性低氣壓，並對其發布「烈風警報」(GW)，代表預估颱風將於24小時內生成，可能路徑也隨之曝光。
根據日本氣象廳觀測顯示，熱帶低壓今(4日)上午9點的位置在北緯20.0度，東經118.9度，在巴士海峽西側到南海海面一帶，向西緩慢移動，中心氣壓1002百帕，近中心最大風速每秒15公尺，氣象廳預估明上午將增強為今年第4號颱風「丹娜絲」。
全站首選：日本今天大地震? 氣象廳跳出來大罵「騙局」 稱完全沒這「3要素」……..
日本氣象廳路徑預估，明日丹娜絲颱風形成後，會先停滯一小段時間，接著開始往東北移動，轉向台灣西南部方向而來，且很可能從台灣西南部登陸，預測時間點落在周日到周一。
國立臺灣大學大氣科學博士、氣象專家林得恩則提到今晨歐洲ECMWF及EC-AIFS數值模型模擬出的結果，對98W在未來24至36小時內，系統的可能發展預測漸趨一致。包含環境垂直風切在10至15 節，高空外流良好，低層也開始輻合，加上海面溫度溫暖也在攝氏30至31度之間；受環境駛流場的導引，後續往東北方向移動的機會最大，他提醒，這個熱帶擾動，因為距離臺灣太近，需要特別加強注意防範。",Newtalk新聞,2025-07-04,https://images.newtalk.tw/resize_action2/800/album/news/980/686734ea24d6a.jpg,True,台灣,"巴士海峽,南海,台灣西南部",颱風,台灣中南部颱風,日本氣象廳發布烈風警報，預測位於巴士海峽到南海的熱帶擾動將在24小時內發展成第4號颱風「丹娜絲」。該系統目前位於北緯20.0度、東經118.9度，中心氣壓1002百帕，最大風速每秒15公尺，可能往東北移動，直衝台灣西南部，預計周日到周一登陸，專家呼籲加強防範。,颱風丹娜絲預計影響台灣西南部沿海地區，可能帶來強風和豪雨，導致潛在淹水或風災風險。無具體損失數據報告，如死亡人數或財產損失，目前僅為預測性警報，強調需注意防範以減少潛在影響。
日本鹿兒島規模4.0地震 無海嘯風險,https://money.udn.com/money/story/5599/8838819,"日本鹿兒島縣當地時間今天下午4時56分（台北時間下午3時56分）發生規模4.0地震，最大震度4，沒有引發海嘯的風險。
根據日本氣象廳，震央位於吐噶喇列島近海，震源深度20公里，鹿兒島縣十島村觀測到最大震度4。
吐噶喇列島近海今天下午連續發生多次地震，規模最大的為下午4時12分規模5.1地震，最大震度4。
吐噶喇群島的寶島、小寶島、惡石島近海一帶，向來是群發地震頻繁發生的地區，在2023年9月，曾在2天內觀測到292次有感地震。",經濟日報,2025-06-29,,True,日本,"鹿兒島縣,吐噶喇列島,十島村,吐噶喇群島,寶島,小寶島,惡石島",地震,日本鹿兒島縣地震,日本鹿兒島縣今日下午發生規模4.0地震，震央位於吐噶喇列島近海，震源深度20公里，最大震度4，無海嘯風險。當天該地區還發生規模5.1地震，為地震多發區，此次事件未造成明顯立即影響，總計觀測到多起餘震。,此次地震規模4.0，最大震度4，影響範圍涵蓋鹿兒島縣十島村附近，無報告死亡人數、撤離人數或財產損失。該地區為地震頻繁發生區，無海嘯風險，僅記錄多起相關餘震，但無明顯進一步災害影響。
日本鹿兒島近海規模5.1地震 無海嘯風險,https://money.udn.com/money/story/5599/8841108,"日本鹿兒島縣當地時間今天下午6時33分（台北時間下午5時33分）發生規模5.1地震，最大震度5弱，沒有引發海嘯的風險。
根據日本氣象廳資料，震央位於吐噶喇列島近海，震源深度30公里，鹿兒島縣十島村觀測到最大震度5弱。
吐噶喇列島的寶島、小寶島、惡石島近海一帶，向來是群發地震頻繁發生的地區，在2023年9月曾在2天內觀測到292次有感地震。",經濟日報,2025-06-30,,True,日本,"鹿兒島縣,吐噶喇列島,十島村,寶島,小寶島,惡石島",地震,日本鹿兒島縣地震,日本鹿兒島縣於當地時間下午6時33分發生規模5.1地震，震央位於吐噶喇列島近海，深度30公里，最大震度達5弱。該地區無海嘯風險，且為地震頻繁發生地點，如2023年9月曾有292次有感地震。整體事件未提及進一步擴散。,本次地震無報告死亡人數、撤離人數或財產損失數據。影響範圍限於鹿兒島縣十島村，最大震度5弱，震央在吐噶喇列島近海，未造成明顯次生災害如海嘯。
日本鹿兒島與秋田發生有感地震 無海嘯威脅,https://money.udn.com/money/story/5599/8847387,"日本鹿兒島縣十島村今晨起相繼發生震度4與3不等的地震；位在日本東北地區的秋田縣今天上午7時33分左右，發生最大震度3的地震，前述區域已觀測到的地震並無海嘯威脅。
日本放送協會（NHK）報導，位在九州外海的十島村，今晨起陸續發生多起地震，其中惡石島今天上午6時51分左右（台北時間5時51分）觀測到最大震度4，小寶島與鹿兒島縣的奄美市觀測到震度2。
吐噶喇列島的惡石島與小寶島附近等地，上月21日以來地震活動變得頻繁，惡石島6月30日與昨天也曾發生震度5弱的地震。
這個區域2023年與2021年也曾出現頻繁的地震活動，不過近日測得震度1以上的地震次數大幅超越過去案例。
另外，秋田縣今天上午7時33分左右（台北時間6時33分左右）發生的地震，推估規模3.8，震央位於秋田縣內陸的南部地區，震源深度10公里。
秋田縣大仙市測得最大震度3；秋田縣仙北市與美鄉町觀測到震度2；秋田市、岩手縣花卷市等地測得震度1。",經濟日報,2025-07-03,,True,日本,"鹿兒島縣十島村,惡石島,小寶島,奄美市,吐噶喇列島,秋田縣,大仙市,仙北市,美鄉町,秋田市,岩手縣花卷市",地震,日本鹿兒島縣地震,日本鹿兒島縣十島村今日發生多起地震，最大震度達4級，涉及惡石島和小寶島等地；秋田縣亦於上午發生規模3.8、震度3的地震，震源深度10公里。該地區自上月以來地震活動頻繁，超越過去案例，惟無海嘯威脅，2023年和2021年亦曾有類似事件。,此次地震影響日本鹿兒島縣（十島村、奄美市等）和秋田縣（大仙市、仙北市等地），無報告死亡人數、撤離人數或財產損失。最大震度為4級，活動自上月增頻，震源深度約10公里，無其他災害擴大影響。
日本千島海溝強震恐引發海嘯！ 專家示警：台灣「這2地」要注意| 生活,https://newtalk.tw/news/view/2025-06-29/978971,"日本北海道東部近期外海頻頻發生地震，日本專家警告一旦千島海溝發生強震，就可能引發大海嘯。而中央氣象署地震預報中心主任吳健富表示，日本地震傳來台灣後會逐漸衰減，但要是發生海嘯，宜蘭及西半部沿海就需要留意。
吳健富表示，日本發生的地震震央常位於海域，較易誘發海嘯。地震波自日本傳遞至台灣期間會因地層影響而衰減，實際震度常較低。但若形成海嘯，其威脅則取決於斷層破裂的方向。一旦進到淺海區時會因為海床而讓速度減慢，這時由快到慢的推進就會有堆高作用，地勢相對平緩的宜蘭地區港口、出海口，及西半部沿海就容易發生海嘯。
精選報導：賴瑞隆頒發獎助學金 累計逾兩千優秀學子受惠
針對千島海溝地震潛勢，吳健富強調，目前該區域仍需更多地質研究來釐清風險，但台灣與日本皆應持續保持對地震與海嘯的風險意識。吳健富提醒，日本北海道地震頻繁，但對台灣的影響主要在於海嘯。由於海嘯通常具有較長的應變時間，若太平洋海嘯中心或日本氣象廳發出警告，氣象署會透過相關機制通知民眾，確保安全防範措施到位。",Newtalk新聞,2025-06-29,https://images.newtalk.tw/resize_action2/800/album/news/114/5a79dc1fefe04.jpg,True,日本,"北海道東部,千島海溝,台灣,宜蘭,西半部沿海",地震,日本鹿兒島縣地震,日本北海道東部海域頻繁發生地震，專家警告千島海溝強震可能引發大海嘯，對台灣構成威脅。中央氣象署表示，地震波傳至台灣會衰減，但海嘯風險仍高，特別是宜蘭及西半部沿海地區。由於海嘯速度減慢可能導致堆高作用，需加強監測與防範措施，以確保民眾安全。,此次事件無具體損失數據報告，如死亡人數或財產損失。潛在影響包括海嘯威脅台灣宜蘭港口、出海口及西半部沿海地區，可能造成沿海淹水和破壞。專家強調持續監測地震與海嘯風險，並透過警告機制提升防災意識，以減輕未來災害衝擊。
7月5日大地震前震? 日本鹿兒島海域發生5.5地震此前當地已有超過800次地震| 國際,https://newtalk.tw/news/view/2025-07-02/979600,"被譽為「日本龍婆」漫畫家竜樹諒，預言「日本 7 月 5 日將發生毀滅性大地震，1／3 國土都將消失」。而日本最近就巧合性的發生地震。
日本鹿兒島縣附近海域今 ( 2 ) 日發生強烈地震。日本氣象廳發佈消息稱，當地時間 15 時 26 分左右，鹿兒島縣吐噶喇列島近海附近發生 5.5 級地震，最大震感為震度 5 弱，震源深度10公里。本次地震沒有引發海嘯的風險。
延燒焦點：不裝我的雷達就不買！ 印要求俄更改蘇-57E雷達 專家：欲降對外國供應商依賴
吐噶喇列島位於鹿兒島縣南部，由 12 座島組成，其中 7 座有人居住。6 月 21 日以來，當地已監測到超過 800 次有感地震，其中多次達到 5.1 級。日本氣象廳此前警告，未來仍可能發生更強地震，呼籲民眾保持警惕。
被譽為「日本龍婆」漫畫家竜樹諒，預言「日本 7月 5日將發生毀滅性大地震，1／3 國土都將消失」。   圖 : 翻攝自竜樹諒《我所看見的未來》",Newtalk新聞,2025-07-02,https://images.newtalk.tw/resize_action2/800/album/news/980/6865067968f31.jpg,True,日本,"鹿兒島縣,吐噶喇列島",地震,日本鹿兒島縣地震,日本鹿兒島縣吐噶喇列島近海於2日發生5.5級地震，震源深度10公里，最大震感達5弱。這是自6月21日以來超過800次有感地震的一部分，日本氣象廳警告未來可能有更強震，呼籲民眾保持警惕。漫畫家竜樹諒曾預言7月5日將有毀滅性地震，但目前無海嘯風險。,本次地震造成無立即報告的死亡、撤離或財產損失數據。影響範圍限於鹿兒島縣吐噶喇列島及其附近海域，震感強烈但未引發海嘯。日本氣象廳呼籲民眾提高警覺，預防未來可能更強地震的潛在風險。
近期最強搖晃！鹿兒島規模5.5地震、十島村震度「6弱」 海自P-1緊急升空查看| 國際,https://newtalk.tw/news/view/2025-07-03/979784,"日本時間3日下午4時13分左右（台北時間下午3時13分），鹿兒島縣十島村惡石島觀測到震度「6弱」的強烈地震，震源位於吐噶喇列島近海，震源深度約20公里，地震規模推估為芮氏規模5.5。日本海上自衛隊於地震發生後迅速反應，派遣駐鹿屋基地的P-1海上巡邏機起飛，執行上空情報蒐集任務，以確認島嶼周邊是否有損害或異狀。
日本氣象廳表示，此次地震無引發海嘯之虞，但由於近期該地區地震活動頻繁，呼籲民眾注意後續可能發生的強震及山崩、落石等次生災害。根據統計，自6月21日起，吐噶喇列島近海已發生超過1030次震度1以上的地震，其中包括多次震度5弱及以上的強震。此次震度6弱為近期最強烈的一次，惡石島震感強烈，小寶島則觀測到震度3。十島村當局表示，截至目前未接獲重大災情通報，但地震頻發引發居民不安。
精選報導：（影）中國山東號航艦編隊訪問香港5天 主力戰艦型號「一次到位」
專家指出，吐噶喇列島位於火山活動活躍區域，地震頻發可能與海底地質活動有關，但目前尚無證據顯示與更大規模地震如南海槽地震直接相關。",Newtalk新聞,2025-07-03,https://images.newtalk.tw/resize_action2/800/album/news/980/6866449414063.jpg,True,日本,"鹿兒島縣,十島村,惡石島,吐噶喇列島,小寶島,鹿屋基地",地震,日本鹿兒島縣地震,日本鹿兒島縣十島村於日本時間3日下午4時13分發生芮氏規模5.5地震，震源位於吐噶喇列島近海，深度約20公里，震度達6弱。海上自衛隊派遣P-1巡邏機調查周邊狀況。日本氣象廳表示無海嘯風險，但該地區自6月21日起已發生超過1030次地震，呼籲民眾注意強震及次生災害如山崩。截至目前，無重大災情報告。,此次地震無報告死亡人數、撤離人數或財產損失。影響範圍主要為鹿兒島縣十島村惡石島（震度6弱）和小寶島（震度3），位於吐噶喇列島近海。由於近期地震頻繁（自6月21日起超過1030次），居民面臨不安，當地當局呼籲注意可能強震及次生災害如落石。
日本鹿兒島海域規模4.7地震 無災情傳出,https://news.ltn.com.tw/news/world/breakingnews/5090139,"日本鹿兒島吐噶喇群島近海，發生芮氏規模4.7地震。（圖擷自日本氣象廳）
黃其豪／核稿編輯
〔即時新聞／綜合報導〕日本鹿兒島吐噶喇群島（トカラ列島）近海，自本月21日開始接連發生數百次有感地震，今（29日）上午10時14分（台灣時間上午9時14分）出現了芮氏規模4.7地震。
據《NHK》報導，此次震央同樣位於吐噶喇群島海域，震源深度為20公里，在鹿兒島縣惡石島測到震度4級、鹿兒島縣小寶島震度3級，當局並未發布海嘯警報。
另外，鹿兒島縣十島村測到震度3級，管轄當地的鹿兒島中央警察署表示，截至上午10時25分（台灣時間上午9時25分）為止都沒有收到任何損害通報。
不用抽 不用搶 現在用APP看新聞 保證天天中獎　 點我下載APP　 按我看活動辦法",自由時報,2025-06-29,https://img.ltn.com.tw/Upload/news/600/2025/06/29/phpOXp07O.png,True,日本,"鹿兒島吐噶喇群島,吐噶喇群島海域,惡石島,小寶島,十島村,鹿兒島縣",地震,日本鹿兒島縣地震,日本鹿兒島吐噶喇群島近海發生芮氏規模4.7地震，震源深度20公里，導致惡石島測到震度4級、小寶島和十島村測到震度3級。日本當地未發布海嘯警報，且截至上午9時25分為止，無任何損害或災情報告。此為本月21日以來連續地震中的一例。,此次地震規模4.7，震源深度20公里，主要影響鹿兒島縣惡石島（震度4級）、小寶島（震度3級）和十島村（震度3級）。損失數據：無人員傷亡、撤離人數或財產損失報告；當地無災情通報，無海嘯警報發布，影響範圍局限于吐噶喇群島海域及周邊地區。
希臘克里特島野火延燒 當局緊急撤離數千人,https://money.udn.com/money/story/5599/8848126,"希臘熱門度假勝地克里特島（Crete）今天發生野火，火勢波及森林一帶，甚至威脅民宅。消防人員奮力與大火搏鬥，並緊急疏散島上至少4個聚落的居民與觀光客。
路透社報導，希臘消防當局表示，至少有155名消防員、38輛消防車及灑水車在希臘最大島的東南沿岸城鎮耶拉派特拉（Ierapetra）參與滅火行動。
在強風助長下，今天下午爆發的火勢迅速延燒，不僅阻礙救火行動，多處火勢更是死灰復燃。當局指出，增援人員正緊急從雅典搭乘船隻與飛機趕赴現場。
一名消防官員匿名表示：「這場火災非常棘手，目前仍在延燒。」他說，火勢難以撲滅的原因在於強風和地形帶來的挑戰。
據當地電視台報導，有些民宅已遭大火損毀，所幸目前未傳出有人員傷亡。當局稍早下令撤離阿克利亞（Achlia）及鄰近3個聚落。地方官員指出，已將大約3000人安置到臨時避難所。
此外，希臘消防員今晚也在基西拉島（Kythera）和北部的哈奇帝奇（Chalkidiki）地區試圖撲滅野火。",經濟日報,2025-07-03,,True,希臘,"克里特島,耶拉派特拉,阿克利亞,基西拉島,哈奇帝奇",野火,希臘克里特島野火,希臘克里特島發生野火，火勢迅速延燒森林和民宅，強風加劇難度。消防隊出動155名人員及38輛車滅火，當局緊急撤離至少4個聚落約3000名居民和觀光客至避難所。火災已損毀部分房屋，無人員傷亡報告。同時，基西拉島和哈奇帝奇地區亦面臨野火威脅。,此次希臘野火事件導致克里特島約3000人撤離，部分民宅遭焚毀，無死亡或傷亡報告。火勢影響東南沿岸城鎮如耶拉派特拉及鄰近聚落，並擴及基西拉島和哈奇帝奇地區，強風與地形加劇滅火挑戰，消防隊持續應對以減緩擴散。
熱浪席捲歐洲 西班牙山林大火2死,https://news.ltn.com.tw/news/world/breakingnews/5093932,"加泰隆尼亞地區主席伊拉在X上指出，他得知2人因火災喪生後感到震驚。（歐新社）
〔編譯謝宜哲／綜合報導〕西班牙消防員1日說，西班牙東北部熱浪侵襲，一場大火過後，他們發現了2具屍體。本週席捲歐洲熱浪打破高溫紀錄，學校停課，加劇火災風險。
根據《法新社》報導，雷里達省1日幾乎同時發生2起山火，1.4萬人被加泰隆尼亞地區當局要求在家隔離。消防和緊急服務部門指出，起發生在科斯科市（Cosco）附近的火災發現2人死亡。
火災具體原因尚不清楚，但消防部門說，近期高溫、乾燥天氣以及風暴帶來的強風加劇火勢。加泰隆尼亞地區主席伊拉（Salvador Illa）在X上指出，他得知2人因火災喪生後感到震驚。
西班牙正處於強烈熱浪中，許多地方氣溫超過攝氏40度，創下了6月多項高溫紀錄。南部城市科爾多瓦和巴塞隆納都有1人死亡，2人均在6月28日道路施工時死亡，很可能是中暑。
科學家指出，人為造成的氣候變化，熱浪和暴風雨等極端天氣事件正變得更加猛烈。
在過去的熱浪中，歐洲已有數萬人喪生，這促使當局向老年人、兒童、病人以及其他易受專家所稱的「隱形殺手」影響人群發出警告。
不用抽 不用搶 現在用APP看新聞 保證天天中獎　 點我下載APP　 按我看活動辦法",自由時報,2025-07-02,https://img.ltn.com.tw/Upload/news/600/2025/07/02/5093932_1_1.jpg,True,西班牙,"加泰隆尼亞地區,雷里達省,科斯科市,科爾多瓦,巴塞隆納",野火,西班牙加泰隆尼亞地區野火,西班牙東北部遭受熱浪侵襲，導致山火爆發，造成2人死亡。雷里達省1.4萬人被要求在家隔離，高溫超過40度，乾燥天氣和強風加劇火勢。歐洲熱浪打破紀錄，科學家歸咎於氣候變化，影響學校停課和公共安全。,山火導致西班牙東北部2人死亡，1.4萬人被要求隔離；南部城市另有1人疑似中暑死亡。熱浪影響範圍涵蓋歐洲多地，氣溫超過40度，創下6月高溫紀錄，無財產損失數據。氣候變化加劇極端天氣風險，當局對易受影響人群發出警告。
