標題,連結,內文,來源,時間,圖片,is_disaster,國家,地點,災害,event,content,summary,region,overview
印度雨季引發災情 北部山區至少69死110傷,https://money.udn.com/money/story/5599/8851090,"印度當局今天表示，印度北部的喜馬拉雅山區連續逾兩週的暴雨，引發洪水與山崩，已導致至少69人死亡、110人受傷。
法新社報導，印度每年雨季期間，常因暴雨引發洪災與山崩，進而造成傷亡。近日的大雨導致源自冰川的比斯河（Beas）等多條河川暴漲，重創印度北部的喜馬偕爾邦（Himachal Pradesh）交通，多條道路因此癱瘓。
當地的稅務機關在聲明中說，過去兩週內發生多起災害，目前已造成69人罹難、110人受傷。
印度氣象局昨天針對喜馬偕爾邦與鄰近的觀光勝地阿坎德邦（Uttarakhand）發布了新一輪的大雨相關特報，兩地皆位於北部的喜馬拉雅山區，而阿坎德邦對於印度遊客而言是熱門景點。
印度每年雨季從6月持續至9月，雖能緩解高溫並補充水資源，但也會引發災害，造成嚴重傷亡與災損。
雨季期間的降雨，在6月已奪走印度東北部地區至少30條人命，另有數十人受傷。",經濟日報,2025-07-04,,True,印度,"喜馬拉雅山區,喜馬偕爾邦,阿坎德邦,比斯河",暴雨,印度喜馬拉雅山區大雨,印度北部喜馬拉雅山區連續逾兩週的暴雨引發洪水與山崩，已造成至少69人死亡和110人受傷。多條河川如比斯河暴漲，導致交通癱瘓，包括喜馬偕爾邦和阿坎德邦的道路中斷。氣象局發布大雨特報，提醒雨季持續至9月可能帶來更多災害，影響當地居民和遊客。,此次災害導致至少69人死亡、110人受傷，影響範圍涵蓋印度北部喜馬拉雅山區的喜馬偕爾邦和阿坎德邦。多條道路因洪水與山崩癱瘓，交通嚴重中斷。雨季大雨還可能造成額外財產損失和傷亡，雖未詳述具體經濟損失，但已重創當地基礎設施。,國外,2025-07-04，印度北部喜馬拉雅山區，包括喜馬拉雅邦和阿坎德邦，發生暴雨引發的洪水與山崩災害，導致至少69人死亡、110人受傷，多條道路癱瘓，交通嚴重中斷，基礎設施重創。雨季持續可能造成額外財產損失和傷亡，印度氣象局已發布大雨特報，呼籲加強防範。
美國德州洪患增至27死 夏令營27童下落不明,https://money.udn.com/money/story/5599/8853300?from=edn_related_storybottom,"美國德州豪雨引發毀滅性洪災，造成至少27人罹難，搜救人員今天持續搜尋一處河濱夏令營失蹤的27名女童，然而氣象預報指出接下來還會有更大雨勢。
法新社和路透社報導，德州克爾郡（Kerr County）警長萊沙（Larry Leitha）表示：「目前為止，我們已經撤離超過850名未受傷民眾、8名傷患，並已找到27名罹難者。」他還說，罹難者中有9名孩童。
萊沙在記者會上強調：「我們會全力以赴，直到找到每個人。」
德州克維市（Kerrville）市府官員萊斯（DaltonRice）指出，有數以百計人員投入搜救行動，許多人使用直升機執行任務。
這場洪患始於昨天，好幾個月的雨量在幾個小時內降下，導致瓜達魯普河（Guadalupe River）水位在短短45分鐘內暴漲8公尺。
美國國家氣象局（National Weather Service）警告接下來還會有更多極端豪雨，聖安東尼奧（SanAntonio）西北方一帶將有「局部災難性」暴洪。
今天在克維市，以往平靜的瓜達魯普河變得湍急，混濁的河水挾帶大量漂流物。
現年61歲的當地居民馬蒂內茲（Gerardo Martinez）說：「光是一天就下了平常一整年的雨量。」
他還提到：「水淹到了樹的頂端，大約10公尺吧…車輛、一棟棟房子都順著河水沖走了，真的慘不忍睹。」
市府官員萊斯今天表示，發生洪災的克爾郡有27名參加神秘營（Camp Mystic）基督教夏令營的孩童仍下落不明。
美國媒體援引家屬說法報導，失蹤者中有2名女孩已經身亡。",經濟日報,2025-07-05,,True,美國,"德州,克爾郡,克維市,瓜達魯普河,聖安東尼奧",洪水,美國德州大雨,美國德州豪雨引發嚴重洪災，已造成至少27人死亡，其中包括9名兒童。另有27名參加夏令營的女童下落不明，當地展開大規模搜救行動。氣象局預警未來將有更大雨勢，可能加劇災情，影響河川水位急劇上升。,洪災導致27人死亡（含9名兒童）、8人受傷、超過850人安全撤離，以及27名夏令營女童失蹤。財產損失包括車輛和房屋被河水沖走。影響範圍涵蓋德州克爾郡和克維市周邊地區，瓜達魯普河水位在45分鐘內暴漲8公尺，造成廣泛破壞。,國外,"2025年7月5日，美國德州中部爆發嚴重洪災，受影響地區包括克爾郡、克維市及瓜達盧佩河流域，造成至少27人死亡（含9名兒童）、8人受傷、逾850人撤離，以及27名夏令營女童失蹤；財產損失包括房屋和車輛被沖毀。同時，密蘇里州東南部因高溫導致路面炸裂，引發車禍輕傷1人。政府已部署500名救援人員、18架直升機和12架無人機進行全天候搜救，並封閉道路、提供收容中心；氣象局警告未來雨勢加劇，呼籲民眾避免外出。"" (124字)"
快訊》丹娜絲風雨壓境！氣象署晚間發布海陸警報苗栗以南嚴防大雨豪雨| 生活,https://newtalk.tw/news/view/2025-07-05/980133,"輕度颱風「丹娜絲」逼近台灣，中央氣象署繼今（5日）上午8時30分發布海上颱風警報後，晚間8時30分再度升級，對屏東、高雄、台南、嘉義縣市發布陸上颱風警報，顯示颱風風雨威脅進一步擴大。氣象署指出，丹娜絲不僅強度略為增強，暴風圈也持續擴張，研判週日至週一上半天將從台灣海峽北上，影響程度不容小覷。
根據氣象署最新觀測，丹娜絲於晚間8時的中心位置在北緯20.8度、東經117.9度，距離鵝鑾鼻西南西方約330公里，以每小時10轉20公里速度朝北北東再轉東北前進。近中心最大風速為每秒23公尺，瞬間最大陣風達每秒30公尺，七級風暴風半徑達80公里。
延燒焦點：「丹娜絲」逼近！氣象署20:30陸警 首波警戒範圍曝光
氣象局提醒，今晚起苗栗以南、花東地區與恆春半島將有顯著降雨，並可能出現局部大雨及短延時豪雨，山區及低窪地區應特別留意土石流與積淹水風險。目前高雄市、台南市、屏東縣已率先宣布明（6日）停班停課。",Newtalk新聞,2025-07-05,https://images.newtalk.tw/resize_action2/800/album/news/981/686923742c286.png,True,台灣,"屏東,高雄,台南,嘉義縣市,苗栗以南,花東地區,恆春半島",颱風,台灣屏東颱風,輕度颱風「丹娜絲」逼近台灣，氣象署於5日晚間發布陸上颱風警報，影響屏東、高雄、台南及嘉義等地。颱風中心位於鵝鑾鼻西南約330公里，以每小時10-20公里速度北北東前進，最大風速每秒23公尺，預計週日至週一帶來顯著降雨，苗栗以南地區須防範大雨及土石流風險。,颱風丹娜絲預期造成台灣南部及東部地區顯著降雨，可能引發土石流和積淹水，無明確死亡或財產損失數據報告。高雄市、台南市及屏東縣已宣布6日停班停課，影響範圍涵蓋苗栗以南、花東及恆春半島，山區和低窪地帶面臨高風險。,國內,"2025年7月5日，輕度颱風丹娜絲襲擊台灣，影響南部、東部、中部地區如高雄、台南、屏東、台中及花東。災害類型包括強降雨、淹水和風浪，導致台中多處積水、約20輛車受損，並引發土石流與洪水風險。高雄、台南、屏東宣布6日停班停課，航班取消達268國內線與49國際線。氣象署升級陸上警報，預計6日至7日影響最大，沿海地區面臨5米以上風浪，地方政府正強化排水系統以防範極端氣候。""（字數：128）"
快訊》「丹娜絲」發威！氣象署：10縣市大雨特報| 生活,https://newtalk.tw/news/view/2025-07-05/980096,"受到第4號颱風「丹娜絲」外圍環流影響及午後對流雲系發展旺盛影響，易有短延時強降雨，今(5)日氣象署對彰化縣、雲林縣、南投縣、嘉義縣市、台南市、高雄市、屏東縣、花蓮縣和台東縣共10縣市發布大雨特報，有局部大雨發生的機率，請注意雷擊及強陣風，山區請慎防坍方及落石，低窪地區請慎防積水；並對彰化縣、南投縣、雲林縣、屏東縣、台東縣發布大雷雨即時訊息。
並對彰化縣、南投縣、雲林縣、屏東縣、台東縣發布大雷雨即時訊息。   圖：取自中央氣象署",Newtalk新聞,2025-07-05,https://images.newtalk.tw/resize_action2/800/album/news/981/6868d75fedc7b.png,True,台灣,"彰化縣,雲林縣,南投縣,嘉義縣市,台南市,高雄市,屏東縣,花蓮縣,台東縣",颱風,台灣彰化縣大雨,受到第4號颱風丹娜絲的外圍環流和午後對流雲系影響，氣象署對台灣彰化、雲林、南投、嘉義縣市、台南、高雄、屏東、花蓮和台東等10縣市發布大雨特報。預期局部地區將出現強降雨，可能伴隨雷擊及強陣風，山區須防範坍方和落石，低窪地區注意積水，以確保民眾安全。,本次大雨事件影響台灣中南部及東部10縣市，無報告具體損失數據如死亡或撤離人數。潛在風險包括雷擊、強陣風、坍方、落石及低窪地區積水，可能導致財產損失和交通中斷，呼籲民眾提高警覺以減輕災害衝擊。,國內,2025年7月1日，台灣中南部及東部地區，包括彰化、雲林、南投、嘉義、台南、高雄、屏東、花蓮和台東等10縣市，受第4號颱風「丹娜絲」外圍環流和午後強對流影響，發布大雨特報。災害類型為強降雨，可能引發雷擊、強陣風、坍方、落石及低窪積水，導致潛在財產損失和交通中斷。無報告具體損失數據如死亡或撤離人數，當地民眾應提高警覺，嚴防山區災害和溪水暴漲，以減輕影響。
快訊》注意強降雨！氣象署：3縣市大雨特報| 生活,https://newtalk.tw/news/view/2025-07-01/979332,受到午後對流雲系發展旺盛影響，易有短延時強降雨，因此氣象署今(1)日對雲林、嘉義及台南山區發布大雨特報，有局部大雨發生的機率，請注意雷擊及強陣風，山區請嚴防坍方、落石及溪水暴漲。,Newtalk新聞,2025-07-01,https://images.newtalk.tw/resize_action2/800/album/news/980/6863996322faf.PNG,True,台灣,"雲林,嘉義,台南山區",大雨,台灣彰化縣大雨,氣象署今日對雲林、嘉義及台南山區發布大雨特報，受午後對流雲系發展旺盛影響，可能出現短延時強降雨。民眾需注意雷擊、強陣風，並嚴防山區坍方、落石及溪水暴漲，以確保安全並採取預防措施。,大雨特報影響雲林、嘉義及台南山區，可能導致雷擊、強陣風、坍方、落石及溪水暴漲。無具體損失數據報告，如死亡人數、撤離人數或財產損害；潛在風險包括山區災害，呼籲民眾提高警覺以減輕影響。,國內,2025年7月1日，台灣中南部及東部地區，包括彰化、雲林、南投、嘉義、台南、高雄、屏東、花蓮和台東等10縣市，受第4號颱風「丹娜絲」外圍環流和午後強對流影響，發布大雨特報。災害類型為強降雨，可能引發雷擊、強陣風、坍方、落石及低窪積水，導致潛在財產損失和交通中斷。無報告具體損失數據如死亡或撤離人數，當地民眾應提高警覺，嚴防山區災害和溪水暴漲，以減輕影響。
（影）暴雨沖垮德州! 洪水奪24命還有20女童失蹤、熱浪炸裂密蘇里州公路| 國際,https://newtalk.tw/news/view/2025-07-05/980095,"美國近日遭逢極端天氣夾擊，密蘇里州因酷暑導致柏油路面瞬間炸裂，德州中部則因豪雨引發「世紀洪患」，造成重大死傷與失蹤案例，地方政府與氣象單位已多次示警，呼籲民眾避免外出、遠離積水與受損設施。
據《Nexta TV》指出，密蘇里州東南部開普吉拉多（Cape Girardeau）昨（4）日出現攝氏 40 度以上高溫，路面溫度急遽膨脹，導致州際公路一段柏油突裂隆起；監視器畫面顯示，一輛行駛中的轎車毫無預警撞上裂縫，被彈飛數十公尺，所幸駕駛僅受輕傷。當地警方與公路單位緊急封閉道路搶修，並提醒駕駛人留意「爆街」風險。 ￼
全站首選：不斷更新》北北基桃宣布正常上班上課！7/7全台停班停課一覽
同一時間，數百公里外的德州丘陵地帶（Texas Hill Country）遭遇傾盆暴雨，短短數小時累積逾一個月雨量，促使瓜達盧佩河（Guadalupe River）與多條支流決堤氾濫。據《路透社》、《休士頓紀事報》報導，克爾郡（Kerr County）與鄰近縣公告，洪水已奪走至少 24 條人命，另有超過 20 名女童在位於河畔的「Camp Mystic」夏令營失蹤，大批搜救人員動員船艇、直升機及無人機，通宵搜索。
據報導，德州州長艾波特（Greg Abbott）已下令州警、國民兵及聯邦資源全面支援，並設立緊急收容中心與家屬聯絡站。 ￼ ￼
《美聯社》報導則指出，美國國家氣象局（NWS）已對德州中部、東部發出「威脅生命安全」的洪災與暴雨警報，也強調部分低窪地區及縣道公路可能在數分鐘內被洪水吞沒；路況惡化造成至少六起致命意外。氣象局籲請民眾切勿涉水駕車，並備妥斷電與飲水中斷等緊急應變計畫。 ￼
美國德州中部爆洪水危機，至少奪走24條人命、夏令營逾20人失蹤。   影片來源：X
美國德州洪水來襲，多地遭殃成汪洋。   圖：翻攝自 X",Newtalk新聞,2025-07-05,https://images.newtalk.tw/resize_action2/800/album/news/981/6868d864921d5.jpeg,True,美國,"密蘇里州,開普吉拉多,德州中部,德州丘陵地帶,瓜達盧佩河,克爾郡,Camp Mystic",洪水,美國德州大雨,美國近日面臨極端天氣，密蘇里州高溫導致路面炸裂，造成車禍輕傷；德州中部豪雨引發洪水，瓜達盧佩河決堤，奪走至少24條人命，並有超過20名女童在夏令營失蹤。氣象局發出威脅生命警報，政府動員搜救與支援，呼籲民眾避免外出。,德州洪水造成至少24人死亡、超過20名女童失蹤，以及至少六起致命車禍；密蘇里州高溫引發路面炸裂，導致一輛車事故輕傷一人。影響範圍涵蓋德州中部丘陵地帶與河畔地區，以及密蘇里州東南部公路，政府已啟動緊急搜救、封閉道路並提供收容中心。,國外,"2025年7月5日，美國德州中部爆發嚴重洪災，受影響地區包括克爾郡、克維市及瓜達盧佩河流域，造成至少27人死亡（含9名兒童）、8人受傷、逾850人撤離，以及27名夏令營女童失蹤；財產損失包括房屋和車輛被沖毀。同時，密蘇里州東南部因高溫導致路面炸裂，引發車禍輕傷1人。政府已部署500名救援人員、18架直升機和12架無人機進行全天候搜救，並封閉道路、提供收容中心；氣象局警告未來雨勢加劇，呼籲民眾避免外出。"" (124字)"
巴基斯坦暴雨洪水為患 數天內45人死亡,https://money.udn.com/money/story/5599/8840237,"巴基斯坦災難管理官員今天表示，自雨季開始以來，境內各地的暴雨與洪災在短短數天內已造成45人死亡。
法新社報導，巴基斯坦與阿富汗接壤的開柏普赫圖赫瓦省（Khyber Pakhtunkhwa）死亡人數最多，共有21人罹難，包括10名兒童。
災難管理部門表示，其中14名罹難者死於史瓦特河谷（Swat Valley）。媒體報導，一場暴洪捲走岸邊多個家庭。
巴基斯坦人口最多並與印度接壤的旁遮普省（Punjab），自本月25日以來已記錄13人死亡，其中8人是兒童，他們因牆壁或屋頂在暴雨中倒塌而喪命，成年人則是死於突如其來的洪水。
巴基斯坦的信德省（Sindh）與俾路支省（Balochistan）也有11人因季風暴雨死亡。
國家氣象局警告，至少在7月5日之前，出現暴雨與暴洪的風險仍然很高。
位於南亞的巴基斯坦今年春天經歷多起極端天氣事件，包括強烈的冰雹。上個月，至少有32人在強烈風暴中喪生。
巴基斯坦是世界上最易受到氣候變遷影響的國家之一，全國2.4億名居民面臨著日益頻繁的極端天氣事件。",經濟日報,2025-06-30,,True,巴基斯坦,"開柏普赫圖赫瓦省,史瓦特河谷,旁遮普省,信德省,俾路支省",洪水,巴基斯坦開柏普赫圖赫瓦省大雨,巴基斯坦雨季暴雨與洪災已造成45人死亡，主要發生在開柏普赫圖赫瓦省（21人，包括10名兒童）、旁遮普省（13人）和信德省與俾路支省（11人）。災難包括洪水捲走家庭和房屋倒塌。國家氣象局警告，暴雨風險將持續至7月5日，凸顯氣候變遷對該國的嚴重影響。,暴雨與洪災導致巴基斯坦45人死亡，其中開柏普赫圖赫瓦省21人（包含10名兒童）、旁遮普省13人（8名兒童）和信德省與俾路支省11人。影響範圍涵蓋多省，包括河流氾濫和房屋損毀。無撤離或財產損失數據，但事件凸顯氣候變遷加劇的極端天氣風險。,國外,2025-06-30，巴基斯坦發生強季風暴雨與洪災，影響多省包括開柏普赫圖赫瓦省（22人死亡）、旁遮普省（13人）、信德省（7人）及俾路支省（4人），總計至少46人喪生（多為兒童），數十人受傷，伴隨河流氾濫和房屋倒塌。事件凸顯氣候變遷加劇極端天氣風險，國家氣象局警告降雨持續至7月5日前，可能引發更多財產損失，類似2022年洪災重演。救援行動進行中，但反應遭批評緩慢。（128字）
德州暴雨釀洪災至少13人死亡 女孩夏令營遭沖毀、逾20人失蹤,https://money.udn.com/money/story/5599/8851960,"美國德州遭遇惡劣天氣，部分地區爆發洪災，已造成至少13人死亡。位於聖安東尼奧郊區的一個基督教全女子過夜夏令營營舍疑似遭「災難性」的洪水沖毀，有超過20名女孩失蹤，恐已不幸罹難。
今日美國報引述氣象學家卡普奇（Matthew Cappucci）在「X」發文報導，當地近日累積降雨量超過25.4公分，而「這個區域的年均降雨量約為71.12公分到81.28公分。想像一下，6小時內降下4個月的雨量。」
他補充說，位於凱爾郡杭特（Hunt, Kerr County）的瓜達盧佩河（Guadalupe River）在3小時內暴漲了12.2公尺。
連結：https://x.com/MJTruthUltra/status/1941263476090880387
紐約郵報與BBC報導，德州州長艾伯特正在休假、代行職務的副州長派屈克（Dan Patrick）在記者會上則表示，瓜達盧佩河45分鐘內就暴漲近8公尺，直言這場毀滅性洪水「奪走財產，遺憾地也奪去生命。」
派屈克並宣讀瓜達盧佩河旁「神秘夏令營」（Camp Mystic）聲明，指出當地遭遇「災難性程度」的洪水，並告知家長，如果尚未接獲聯繫，就代表他們的孩子是安全的。
「神秘夏令營」共有年齡介於7歲到17歲之間的750名女孩參加，營地因當地降下暴雨而連夜疏散，但仍有部分營員留在原地。一些小屋據報被洪水淹沒，其他則被沖走，周圍道路也嚴重受損。
儘管部分兒童已經尋獲，但仍受困原地。派屈克估計，在「神秘夏令營」750名營員中，仍有約23人下落不明，但這不代表她們已經罹難。他說：「她們可能在樹上，可能無法與外界聯繫。我們為所有失蹤者祈禱，希望他們能活著被找到。」
派屈克表示，多達500名救援人員和18架直升機正投入搜尋生還者。州政府4日稍早也出動40架直升機、12架無人機和9支潛水救援隊。他承諾：「我想讓大家知道，我們會盡所能全天候搜尋，查看每一棵樹，翻開每一塊石頭，不論付出什麼代價，如果你的孩子是真的失蹤，而不只是失聯，我們一定會找到你的女兒。」
凱爾郡警局長萊薩（Larry L. Leitha）警告：「目前此時仍有數人下落不明，但我們正全力搜救，並將持續努力。這個過程可能需要持續好幾天。」",經濟日報,2025-07-05,https://pgw.udn.com.tw/gw/photo.php?u=https://uc.udn.com.tw/photo/2025/07/05/realtime/32464835.jpg&x=0&y=0&sw=0&sh=0&sl=W&fw=1050&exp=3600&exp=3600,True,美國,"德州,聖安東尼奧郊區,凱爾郡,杭特,瓜達盧佩河,神秘夏令營",洪水,美國德州大雨,美國德州近日遭受暴雨引發的洪災，已造成至少13人死亡。位於聖安東尼奧郊區的基督教女子夏令營被洪水沖毀，逾20名女孩失蹤，當地降雨量超過25.4公分，河流暴漲12.2公尺。救援隊正全力搜救，州政府出動直升機和潛水隊，過程可能持續數日。,洪災導致至少13人死亡，約23人失蹤，包括夏令營女孩；財產損失包括營舍被毀和道路受損。影響範圍涵蓋德州聖安東尼奧郊區及瓜達盧佩河流域。當地政府已動員500名救援人員、18架直升機和12架無人機進行全天候搜救作業。,國外,"2025年7月5日，美國德州中部爆發嚴重洪災，受影響地區包括克爾郡、克維市及瓜達盧佩河流域，造成至少27人死亡（含9名兒童）、8人受傷、逾850人撤離，以及27名夏令營女童失蹤；財產損失包括房屋和車輛被沖毀。同時，密蘇里州東南部因高溫導致路面炸裂，引發車禍輕傷1人。政府已部署500名救援人員、18架直升機和12架無人機進行全天候搜救，並封閉道路、提供收容中心；氣象局警告未來雨勢加劇，呼籲民眾避免外出。"" (124字)"
丹娜絲颱風陸上警報向北擴到新竹高屏東慎防大豪雨| 生活,https://newtalk.tw/news/view/2025-07-06/980151,"中央氣象署表示，輕颱丹娜絲今天(6日)6時的中心位置在在鵝鑾鼻的西南西方約290公里處，以每小時17轉22公里速度，向東北轉北北東進行，對新竹以南、南投、花蓮、台東地區及澎湖構成威脅，預計颱風強度仍有稍增強且暴風圈有稍擴大的趨勢，6日到7日上半天對台灣影響最大，北上到澎湖附近時，可能會逼近輕度颱風上限。
受到颱風及其外圍環流影響，易有短延時強降雨，台東縣及恆春半島有局部豪雨或大豪雨；上午起屏東縣地區及高雄市山區有局部豪雨或大豪雨，花蓮縣、雲林縣、嘉義縣市、台南市、高雄市地區及南投縣山區有局部大雨或豪雨發生，宜蘭、澎湖、金門地區及蘭嶼、綠島有局部大雨發生的機率；晚起苗栗至彰化、南投地區及新竹以北山區易有局部大雨發生的機率，請注意雷擊及強陣風，山區嚴防坍方、落石及山洪暴發，低窪地區請慎防積淹水。大豪雨地區：台東縣、屏東縣、高雄市。
延燒焦點：管仁健觀點》韓國瑜為何要暗酸黃國昌是「三姓家奴」？
今天中南部、東南部(含蘭嶼、綠島)、恆春半島沿海及澎湖、金門有長浪發生的機率，目前西南部沿海已有長浪及3至4米風浪出現；巴士海峽、台灣海峽南部、東南部及澎湖海面風浪將逐漸增大至3米以上，尤其西南部及澎湖沿海將有5米以上浪高，請避免前往海邊活動。
中央氣象署發布19縣市豪雨特報，其中高雄、屏東、台東為「大豪雨」等級。   圖/中央氣象署",Newtalk新聞,2025-07-05,https://images.newtalk.tw/resize_action2/800/album/news/981/6869acd112274.jpg,True,台灣,"鵝鑾鼻,新竹以南,南投,花蓮,台東,澎湖,恆春半島,屏東縣,高雄市,雲林縣,嘉義縣市,台南市,宜蘭,金門,蘭嶼,綠島,苗栗,彰化,南投縣山區,新竹以北山區",颱風,台灣屏東颱風,輕颱丹娜絲於6日位於鵝鑾鼻西南約290公里，以每小時17至22公里速度向東北轉北北東移動，對台灣新竹以南、南投、花蓮、台東及澎湖地區構成威脅。預計6日至7日上半天影響最大，可能帶來局部豪雨或大豪雨、強陣風及長浪，特別是台東縣、屏東縣和高雄市山區需嚴防次生災害如山洪和積淹水。,颱風丹娜絲預期對台灣新竹以南、南投、花蓮、台東、澎湖及屏東等地區造成嚴重影響，無具體損失數據報告，但可能引發局部豪雨或大豪雨，易致山洪暴發、坍方、落石及積淹水；沿海地區如恆春半島和澎湖面臨長浪及風浪達5米以上，無提及死亡或撤離人數。,國內,"2025年7月5日，輕度颱風丹娜絲襲擊台灣，影響南部、東部、中部地區如高雄、台南、屏東、台中及花東。災害類型包括強降雨、淹水和風浪，導致台中多處積水、約20輛車受損，並引發土石流與洪水風險。高雄、台南、屏東宣布6日停班停課，航班取消達268國內線與49國際線。氣象署升級陸上警報，預計6日至7日影響最大，沿海地區面臨5米以上風浪，地方政府正強化排水系統以防範極端氣候。""（字數：128）"
巴基斯坦連續一週暴雨和洪水 至少46人死亡,https://news.ltn.com.tw/news/world/breakingnews/5091484,"巴基斯坦官員今（30）日表示，各地持續近一周的強季風降雨和山洪暴發，已造成至少46人死亡和數十人受傷。（歐新社）
〔編譯謝宜哲／綜合報導〕巴基斯坦官員今（30）日表示，巴基斯坦各地持續近一週的強季風降雨和山洪暴發，已造成至少46人死亡和數十人受傷，類似以往緊急狀況的惡劣天氣，仍有可能持續。
根據《美聯社》報導，巴基斯坦國家災害管理局和各省緊急官員指出，自24日後異常強降雨造成的死亡人數，包括開柏普赫圖赫瓦省（Khyber Pakhtunkhwa）22人、旁遮普省（Punjab）東部13人、信德省（Sindh）南部7人以及俾路支省（Balochistan）西南部4人。
巴基斯坦氣象局副局長維爾克（Irfan Virk）聲稱，預計季風季節降雨量將高於正常水平，已向有關部門發出警報，要求其採取預防措施。他警告，不能排除2022年毀滅性洪災期間出現的「極端情況」重演可能性。當時暴雨淹沒巴基斯坦三分之一國土，造成1737人死亡和大面積破壞。
過去一週的罹難者包括27日被捲走的一家17口人中的13名遊客。其餘4名家庭成員已從開柏普赫圖赫瓦省洪水氾濫的斯瓦特河（Swat）中獲救。該省緊急服務部門發言人法伊茲（Bilal Faizi）聲稱，救援人員已發現該團體中的12具屍體，潛水員仍在繼續搜尋另一名受害者。
這起事件在網路上引發了廣泛譴責，許多人認為緊急服務部門反應遲緩。
不用抽 不用搶 現在用APP看新聞 保證天天中獎　 點我下載APP　 按我看活動辦法",自由時報,2025-06-30,https://img.ltn.com.tw/Upload/news/600/2025/06/30/5091484_1_1.jpg,True,巴基斯坦,"開柏普赫圖赫瓦省,旁遮普省,信德省,俾路支省,斯瓦特河",洪水,巴基斯坦開柏普赫圖赫瓦省大雨,巴基斯坦持續近一周的強季風降雨和山洪暴發，已造成至少46人死亡，數十人受傷，影響多省如開柏普赫圖赫瓦省、旁遮普省、信德省和俾路支省。一家族17人中13人喪生於洪水中。氣象局警告降雨量可能超標，呼籲採取預防措施，以避免類似2022年大洪災的嚴重破壞。,巴基斯坦強降雨引發洪水，造成至少46人死亡（開柏普赫圖赫瓦省22人、旁遮普省13人、信德省7人、俾路支省4人），數十人受傷。一宗事件中，一家17人有13人溺斃。影響範圍涵蓋全國多省，預計降雨持續，可能導致更多財產損失和破壞，類似2022年洪災淹沒三分之一國土。,國外,2025-06-30，巴基斯坦發生強季風暴雨與洪災，影響多省包括開柏普赫圖赫瓦省（22人死亡）、旁遮普省（13人）、信德省（7人）及俾路支省（4人），總計至少46人喪生（多為兒童），數十人受傷，伴隨河流氾濫和房屋倒塌。事件凸顯氣候變遷加劇極端天氣風險，國家氣象局警告降雨持續至7月5日前，可能引發更多財產損失，類似2022年洪災重演。救援行動進行中，但反應遭批評緩慢。（128字）
(影)台中路面淹水「噴出泥泉」水溝蓋隆起害20車爆胎、保險桿撞壞| 生活,https://newtalk.tw/news/view/2025-07-06/980180,"丹娜絲颱風來勢洶洶，各地陸續出現明顯降雨，台中市這兩天傍晚下起大雷雨，市區下起強降雨，造成多處積淹水，路面變成河道，汽機車駛過不斷激起水花，就連人孔蓋也因雨水倒灌直接化身噴泉，還有水溝蓋板整個隆起，造成後方經過的20幾台車受損。
受到丹娜絲颱風影響，台中市連續兩天晚上下起強降雨，包括台灣大道、文心路、逢甲夜市及北屯區的漢口路、健行路淹水嚴重，路面變成汪洋，淹過機車一半車身，騎士們艱難前行，有機車騎士車騎一半熄火，放在腳踏板的包包險遭淹沒，還有人在雨中狼狽牽車，甚至還有停放路邊的機車被直接放倒，隨著水流載浮載沉，離譜景象彷彿像「中部威尼斯」。
當前熱搜：不斷更新》北北基桃宣布正常上班上課！7/7全台停班停課一覽
另外，有網友路過文心秀泰前的文心南路時發現，馬路上的人孔蓋疑似因瞬間強降雨，導致排水量不堪負荷倒灌，形成小噴泉奇觀，直呼「台中超扯！」在市政路朝貴路口，水溝蓋板整個隆起，造成後方經過的車子爆胎，或是保險桿撞壞，有民眾目擊大概20台車受損，警方表示，目前報案的有8台車，全案正在進一步處理中，據了解，後續車主可申請國賠。
還有民眾反映台中市政府旁淹大水，喊話台中市長盧秀燕「可不可以不要再到台北掃街了？」有網友指出：「文心路是蠻寬、蠻大的一條重要幹道，會讓文心路淹水真的是不容易！」、「新光三越附近的水溝臭到不行，過馬路都要摀住口鼻的那種，不知道多久都沒清了，難怪下大雨積水」、「阻塞就表示是市政府行政怠惰，清水溝是每年都要做的工作」。
盧秀燕近日啟動全台反罷免行程，為國民黨立委站台反罷。前天上午分別到台北、基隆合體國民黨立委賴士葆、林沛祥，陪同車掃與參拜，原訂昨晚要替子弟兵羅廷瑋站台兩場，不過活動因大雨停辦。盧秀燕在雨停、水退後前往北區淹水民宅視察，她強調這個颱風又急又猛，提醒民眾小心防颱。
盧秀燕受訪時指稱，這兩天下很大的雨「像用倒的！」已發生零星的積淹水，會請區長通報，如果是箱涵量不足，會編預算來加大。該區過去鮮少淹水，這次初步調查是排水管路與箱涵間有阻塞，過去箱函容量為400公釐，現在極端氣候大雨，未來會評估加寬到到500、600公釐，會優先施做，依積淹水程度和預去排程。
台中市人孔蓋也因雨水倒灌直接化身噴泉。   圖：翻攝周軒臉書",Newtalk新聞,2025-07-06,https://images.newtalk.tw/resize_action2/800/album/news/981/686a13b574fe9.jpg,True,台灣,"台中市,台灣大道,文心路,逢甲夜市,北屯區,漢口路,健行路,文心南路,市政路朝貴路口,台中市政府旁,新光三越附近,北區",颱風,台灣屏東颱風,丹娜絲颱風襲擊台中市，帶來強降雨導致多處淹水，路面變成河道。人孔蓋因雨水倒灌形成噴泉，水溝蓋隆起，造成約20輛車爆胎或保險桿損壞。民眾在雨中艱難前行，機車熄火，影響文心路、台灣大道等地區交通，宛如小型威尼斯。,此次颱風造成台中市多地淹水，包括台灣大道、文心路、逢甲夜市及北屯區，約20輛車受損（8輛已報案，涉及爆胎和保險桿撞壞）。無死亡或撤離人數報告，財產損失聚焦於車輛，凸顯排水系統阻塞問題，如箱涵容量不足，可能需擴大至500-600公釐。,國內,"2025年7月5日，輕度颱風丹娜絲襲擊台灣，影響南部、東部、中部地區如高雄、台南、屏東、台中及花東。災害類型包括強降雨、淹水和風浪，導致台中多處積水、約20輛車受損，並引發土石流與洪水風險。高雄、台南、屏東宣布6日停班停課，航班取消達268國內線與49國際線。氣象署升級陸上警報，預計6日至7日影響最大，沿海地區面臨5米以上風浪，地方政府正強化排水系統以防範極端氣候。""（字數：128）"
風暴來襲淤泥覆蓋軌道 法國義大利高鐵暫停行駛數日,https://money.udn.com/money/story/5599/8843949,"法國國家鐵路公司（SNCF）今天表示，受到本週稍早來襲的猛烈風暴影響，法國與義大利之間的高速列車將暫停行駛「至少數日」。
法新社報導，法國國家鐵路公司表示，將全面清理並檢修巴黎到米蘭的高速鐵路軌道，以避免任何可能導致復駛時間延後的損壞。
SNCF指出，風暴襲擊鄰近法國邊境車站莫丹（Modane）的莫赫延谷（Maurienne Valley），導致莫丹車站淹水，軌道也出現大量淤泥堆積，這條路線因此從昨天下午3時起暫停通行。
洪水在莫丹鎮造成財產損失，所幸沒有人員傷亡通報。
在此之前，連接巴黎與義大利杜林（Turin）和米蘭（Milan）的火車路線由於山崩損壞隧道，被迫關閉19個月，直到今年3月底才恢復通車。
SNCF和其義大利競爭對手「義大利國營鐵路公司」（Trenitalia）都在這條鐵路提供高速運輸服務。通常僅需6、7個小時就能將乘客從巴黎運送到義大利北部大城。",經濟日報,2025-07-01,,True,法國,"巴黎,米蘭,莫丹,莫赫延谷,莫丹鎮,杜林,義大利北部大城",洪水,法國巴黎洪水,本週猛烈風暴襲擊法國莫赫延谷，導致莫丹車站淹水和淤泥堆積，法國與義大利間的高速列車暫停行駛至少數日。鐵路公司正全面清理軌道並檢修，以確保安全。無人員傷亡，但洪水造成莫丹鎮財產損失。這是該路線近期第二次中斷服務。,風暴引發洪水導致莫丹鎮財產損失，無死亡或傷亡人數報告，亦無撤離人數提及。災害影響範圍涵蓋法國邊境車站和巴黎至義大利米蘭的高鐵路線，暫停行駛至少數日，影響乘客運輸和鐵路服務。,國外,2025年7月1日，法國莫丹鎮及鄰近莫赫延谷因風暴引發洪水，造成財產損失，但無死亡或傷亡報告。高鐵路線從巴黎至義大利米蘭邊境車站暫停行駛至少數日，影響乘客運輸和鐵路服務。法國國家鐵路公司（SNCF）正進行軌道清理與檢修，以恢復運輸；此事件凸顯該地區易受天氣災害衝擊，先前山崩曾導致路線關閉19個月。義大利國營鐵路公司服務亦受波及，預計影響法國與義大利間的高速運輸。
（影）中國強降雨災情慘! 甘肅山體滑坡2死貴州榕江洪水一週兩淹4萬人撤離| 中國,https://newtalk.tw/news/view/2025-07-03/979766,"2 日 至 3 日中國甘肅隴南市局部出現強降雨天氣，隴南市徽縣有街道被淹，部分山區因降雨導致山體滑波。3 日，《新京報》記者從隴南市徽縣政府部門獲悉山體滑坡致 2 人不幸身亡，上述兩人均為當地一處施工工地內人員，目前，救援工作仍在進行中。
有畫面也顯示出，貴州榕江爆發嚴重洪水，原先洪水退去、居民都開始清理家園了，結果強降雨再次侵襲，城區一周內兩度被洪水淹沒。
持續更新：巴基斯坦否認要買中國殲-35 ！ 巴國防長突改口 疑與「這2大」因素有關.....
貴州榕江縣近日遭遇嚴重水患，因地處三江交匯、地勢低窪，成為此次洪災重災區。雖然前一波洪水退去，居民才剛開始忙著清理家園，沒想到 28 日官方又發布最新防汛預警，緊急呼籲全城居民儘速撤離避險。
根據《央視》報導，截至 28 日晚間 6 點，榕江縣已有超過 4.1 萬名民眾緊急撤離家園，部分地區車輛被要求全面撤出、只出不進。央視記者也在現場直擊，街頭可見大批民眾攜家帶眷、開車逃往城外，主要路口一度大塞車，市區交通幾乎癱瘓。
據統計，28 日下午 5 點過境的洪峰水位已達 253 公尺，災區街道洪區副指揮長田耕說：「對我們低窪地帶的小區，看還有沒有人員，我們把他全力疏散出來。」
另外，河南西峽發生強降雨發生大洪水，據河南省南陽市消防部門了解，截至目前，已搜尋到5名人員，均無生命體徵，現場搜救工作仍在進行中。
貴州榕江縣的水
傷亡人數目前沒有官方報出 pic.twitter.com/9jq1d5Nu4a
有畫面也顯示出，貴州榕江爆發嚴重洪水，原先洪水退去、居民都開始清理家園了，結果強降雨再次侵襲，城區一周內兩度被洪水淹沒。   影：翻攝自 X 沐陽
河南西峽發生強降雨發生大洪水，據河南省南陽市消防部門了解，截至目前，已搜尋到5名人員，均無生命體徵。   圖：翻攝自 央視",Newtalk新聞,2025-07-03,https://images.newtalk.tw/resize_action2/800/album/news/980/686641b0652e1.png,True,中國,"甘肅隴南市,隴南市徽縣,貴州榕江縣,河南西峽,南陽市",洪水,中國甘肅隴南市大雨,中國近期強降雨造成多地災情，甘肅隴南市山體滑坡導致2人死亡，救援仍在進行；貴州榕江縣洪水一週內兩度淹沒城區，逾4.1萬人緊急撤離；河南西峽也遭洪水侵襲，發現5名無生命體徵人員。整體事件凸顯強降雨對多省的嚴重影響。,中國強降雨災害導致甘肅隴南山體滑坡致2人死亡，河南西峽洪水造成5人死亡，總計7人喪生；貴州榕江縣洪水影響4.1萬人撤離，城區交通癱瘓並多次淹沒。災情波及甘肅、貴州和河南等省，造成人員傷亡、大量撤離及基礎設施中斷。,國外,2025-07-03，中國多地遭受強降雨災害：甘肅隴南發生山體滑坡，致2人死亡；河南西峽洪水導致5人死亡，總計7人喪生；貴州榕江縣洪水影響4.1萬人緊急撤離，城區交通癱瘓並多次被淹沒。災情波及甘肅、河南和貴州三省，造成人員傷亡、基礎設施中斷，救援工作持續進行中。
美國德州洪災增至51死！至少15名夏令營女童喪生 居民質疑人禍釀災 | 國際焦點 | 國際,https://money.udn.com/money/story/5599/8853376?from=udnamp-referralnews_ch1001artbottom,"紐約時報報導，美國德州中南部3日晚間遭洪水肆虐，迄今死亡人數增至51人，其中包含至少15名參加夏令營的女孩。截至當地時間5日，約有27名夏令營相關人士下落不明。
華爾街日報（WSJ）報導指出，當局4日凌晨才陸續發布最危急的關鍵暴洪警報，當時許多居民仍處於熟睡中，難以接獲警示與撤離，引發當地居民和罹難者家屬質疑，當局災害應變不當、決策失誤釀成重大傷亡。
美國有線電視新聞網（CNN）於當地時間5日晚間報導，根據當局統計，暴洪死亡人數已經增至47人，其中包含28名成人和15名兒童。
WSJ報導，德州當局2日啟動防災工作因應周末前可能發生的洪水。
3日下午1時18分，美國國家氣象局（NWS）聖安東尼奧辦公室（San Antonio office）首次發布可能洪水警報，並表示當地強降雨可能引發克爾郡（Kerr County）在內8個郡出現洪水。
位於克爾郡的神秘營（Camp Mystic）基督教夏令營，是此次洪災重創的女子夏令營之一，根據當局，目前仍有27名來自該夏令營的女孩下落不明。
隨後直到4日凌晨1時14分，聖安東尼奧辦公室發布第一則突發洪水警報，代表洪水即將或已經發生，當時距離暴洪源頭的瓜達魯普河（Guadalupe River）暴漲還有幾小時；2小時後，該辦公室發布災難級警告「突發性洪水緊急警報」。
根據洪水監測儀數據，瓜達魯普河在4日凌晨3時於神秘營一帶達到洪水水位，最嚴重洪災情形發生在凌晨4時至4時30分。
根據NWS，接近清晨5時，克爾郡警長辦公室通報多處低水位道路已被淹沒，NWS並於5時10分警告亨特地區（Hunt）水位急遽上升，呼籲民眾儘速撤離至高處。
然而，災情發生時正值凌晨，多數居民仍在熟睡，可能錯過第一時間警示或來不及撤離。儘管警報透過手機緊急通報系統發出，但深夜時段的傳播效果有限，也讓這場突如其來的洪水更加致命。
WSJ報導另提到，負責發布該地區警報的2處NWS辦公室近月來皆受到聯邦預算削減影響。
根據美國國家氣象局員工工會（National Weather Service Employees Organization），聖安東尼奧辦公室26名編制中缺額6人，其中包括2名預報員；聖安傑洛辦公室（San Angelo）則在23人編制中缺少4人，同樣包含2名預報員。
不過，工會立法主任法伊（Tom Fahy）表示，這些人力短缺情況並未影響氣象局發布洪水警報的能力。",經濟日報,2025-07-06,https://pgw.udn.com.tw/gw/photo.php?u=https://uc.udn.com.tw/photo/2025/07/06/realtime/32472309.jpg&x=0&y=0&sw=0&sh=0&sl=W&fw=1050&exp=3600&exp=3600,True,美國,"德州中南部,克爾郡,神秘營,聖安東尼奧辦公室,瓜達魯普河,亨特地區,聖安傑洛辦公室",洪水,美國德州中南部洪水,美國德州中南部於3日晚間遭受洪水肆虐，導致至少51人死亡，其中包括15名參加夏令營的女孩，另有27人下落不明。當地當局發布警報延遲，於4日凌晨才發出緊急警告，許多居民在熟睡中無法及時撤離。洪水由強降雨引發，影響多個郡，如克爾郡，造成嚴重傷亡。,洪災造成51人死亡（其中28名成人、15名兒童），27人下落不明，無明確財產損失數據。影響範圍涵蓋德州中南部多個郡，包括克爾郡和亨特地區，導致低水位道路淹沒和緊急撤離需求。當地居民因警報系統延遲及人力短缺，錯失逃生機會，凸顯災害應變不足。,國外,2025-07-06，美國德州中南部發生嚴重洪災，影響克爾郡和亨特地區等郡縣。災害造成51人死亡（其中28名成人和15名兒童），27人下落不明，多處低水位道路淹沒並引發緊急撤離。警報系統因延遲發布和人力短缺而受批評，凸顯當地災害應變機制不足，當局正調查預算削減影響。持續搜救行動中，居民質疑決策失誤加劇傷亡。
颱風丹娜絲逼近氣象署估午夜後發陸警| 生活,https://newtalk.tw/news/view/2025-07-05/980051,"今年第4號颱風丹娜絲生成，氣象署發布海上颱風警報，預估深夜後發布陸上颱風警報，隨著颱風外圍環流逐漸靠近，花東、恆春可能出現局部性大雨，降雨帶將逐漸向北擴展。
中央氣象署今天上午發布第4號颱風丹娜絲海上颱風警報，根據氣象署網站，颱風上午8時中心位置在鵝鑾鼻的西南西方約410公里處，以每小時8轉11公里速度，向北北東進行。
現正最夯：不斷更新》北北基桃宣布正常上班上課！7/7全台停班停課一覽
氣象署簡任技正伍婉華表示，根據各國颱風預報模式研判，預估颱風丹娜絲未來將逐漸往北、再往北北東方向，朝台灣海峽南部方向移動，明天至7日上半天影響最明顯，若依目前預估方向和速度，有可能在今天深夜後發布陸上颱風警報。
伍婉華指出，今天清晨至目前為止，颱風外圍環流逐漸靠近，氣象署已針對恆春半島發布大雨特報，她提醒，無論是今天颱風外圍環流或明天颱風本身環流，一旦旺盛對流雲系移到上空，就會帶來瞬間短延時強降雨，也會有閃電、雷擊狀況。
隨著颱風丹娜絲逐漸接近，伍婉華表示，除了台東、恆春外，預估花蓮今天斷斷續續都會下短暫性陣雨或雷雨，花東地區、恆春可能會出現局部性大雨，降雨帶將逐漸向北擴展，東北部、宜蘭、中部地區、澎湖、金門會有短暫性陣雨或雷雨，而北部地區午後有雷陣雨。
伍婉華指出，颱風丹娜絲明天將朝著台灣海峽南部逐漸北上，各地都會下短暫性陣雨或雷雨，澎湖、金門、馬組可能有局部性大雨，南部和東南部甚至可能出現局部性豪雨。
伍婉華表示，7日颱風丹娜絲到達台灣海峽北部附近，預估強度會稍微減弱，降雨稍微緩和，但仍須視颱風移動狀況而定。
對於輕颱丹娜絲是否有機會增強為中颱，伍婉華表示，颱風丹娜絲目前逐漸增強，但到北部後環境對其發展不利，預估最強強度可能為輕度颱風等級，但她提醒，大氣狀況和模擬狀況可能會有差異，仍須持續監測。
伍婉華指出，雖然大家可能覺得颱風丹娜絲是規模不算很大的颱風，但只要是颱風，暴風圈所在區域可能會有強風、豪雨，她提到澎湖可能是颱風中心接近的地方，提醒當地民眾提高警覺、注意安全。
颱風丹娜絲路徑潛勢預報。   圖/中央氣象署網頁cwa.gov.tw",Newtalk新聞,2025-07-05,https://images.newtalk.tw/resize_action2/800/album/news/981/68688e36902be.jpg,True,台灣,"恆春,台東,花蓮,花東,東北部,宜蘭,中部地區,澎湖,金門,馬祖,南部,東南部,台灣海峽南部",颱風,台灣屏東颱風,今年第4號颱風丹娜絲已生成，正在向台灣海峽南部逼近。氣象署預估今晚發布陸上警報，影響地區包括花東、恆春及澎湖，可能出現局部大雨和強風。颱風將於7日上半天影響最明顯，強度維持輕度，提醒民眾注意雷擊和短暫強降雨風險，以確保安全。,颱風丹娜絲預期帶來局部大雨和豪雨，影響範圍涵蓋台灣東部、南部、東北部、中部、澎湖及金門地區，可能導致強風、雷擊和洪水風險。無報告具體損失數據，如死亡人數、撤離人數或財產損失，但潛在威脅包括瞬間強降雨對沿海和低窪地區的破壞。,國內,"2025年7月5日，輕度颱風丹娜絲襲擊台灣，影響南部、東部、中部地區如高雄、台南、屏東、台中及花東。災害類型包括強降雨、淹水和風浪，導致台中多處積水、約20輛車受損，並引發土石流與洪水風險。高雄、台南、屏東宣布6日停班停課，航班取消達268國內線與49國際線。氣象署升級陸上警報，預計6日至7日影響最大，沿海地區面臨5米以上風浪，地方政府正強化排水系統以防範極端氣候。""（字數：128）"
丹娜絲颱風》7/6國內線268架次、國際線49架次取消,https://news.ltn.com.tw/news/life/breakingnews/5097957,"丹娜絲颱風接近台灣，民航局統計，7月6日國內線258架次、國際線49架次取消。示意圖。（記者吳亮儀攝）
首次上稿 11:10
更新時間 14:42
〔記者蔡昀容／台北報導〕受丹娜絲颱風影響，今天（7月6日）截至下午2時，民航局統計，國內線取消268架次、國際暨兩岸航線取消49架次。
7月6日航班異動如下：
●華信航空
國內線航班全數取消。
●立榮航空
國內線航班全數取消。
●德安航空
西線（往返七美、望安）取消，東線（往返蘭嶼、綠島）逐班視颱風動態調整。
●華航航班
取消
高雄往返東京成田 CI126／CI127
高雄往返曼谷 CI839／CI840
高雄往返大阪 CI176／CI177
高雄往返沖繩 CI132／CI133
高雄往返上海浦東 CI583／CI584
高雄往返香港 CI935／CI936
提前
高雄往返深圳 CI585／CI586
延遲
首爾仁川往高雄 CI165
東京成田往高雄 CI103
●長榮航空
下午高雄出發，往返福岡、首爾、香港、浦東航班均取消。
●台灣虎航
取消
高雄往返金浦 IT662／IT663
高雄往返福岡 IT274／IT275
高雄往返東京成田 IT280／IT281
延後
高雄往返峴港IT585／IT586，延後至7月7日執行
提前
高雄－沖繩IT288航班 提前至8：15起飛
沖繩－高雄IT289航班 提前至12：00起飛
高雄－澳門IT321航班 提前至13：05起飛
澳門－台中IT372航班 提前至15：50起飛
不用抽 不用搶 現在用APP看新聞 保證天天中獎　 點我下載APP　 按我看活動辦法",自由時報,2025-07-06,https://img.ltn.com.tw/Upload/news/600/2025/07/06/5097957_1_1.jpg,True,台灣,"高雄,七美,望安,蘭嶼,綠島,東京成田,曼谷,大阪,沖繩,上海浦東,香港,深圳,首爾仁川,福岡,金浦,峴港,澳門,台中",颱風,台灣屏東颱風,丹娜絲颱風逼近台灣，導致7月6日國內線268架次和國際線49架次航班取消。華信和立榮航空國內線全數停飛，華航取消高雄往返東京、曼谷、大阪等多條國際路線，長榮航空亦受影響。部分航班如高雄往返峴港延後至7月7日，另有航班提前執行，以因應颱風動態。,丹娜絲颱風造成台灣7月6日航班大量取消，包括國內線268架次和國際線49架次，影響華信、立榮、華航及長榮航空公司。無直接報告死亡或撤離人數，財產損失未明。影響範圍涵蓋台灣國內航線及高雄出發的亞洲國際航線，如東京、曼谷、大阪和首爾，導致出行中斷。,國內,"2025年7月5日，輕度颱風丹娜絲襲擊台灣，影響南部、東部、中部地區如高雄、台南、屏東、台中及花東。災害類型包括強降雨、淹水和風浪，導致台中多處積水、約20輛車受損，並引發土石流與洪水風險。高雄、台南、屏東宣布6日停班停課，航班取消達268國內線與49國際線。氣象署升級陸上警報，預計6日至7日影響最大，沿海地區面臨5米以上風浪，地方政府正強化排水系統以防範極端氣候。""（字數：128）"
日本鹿兒島近海規模5.1地震 無海嘯風險,https://money.udn.com/money/story/5599/8841108,"日本鹿兒島縣當地時間今天下午6時33分（台北時間下午5時33分）發生規模5.1地震，最大震度5弱，沒有引發海嘯的風險。
根據日本氣象廳資料，震央位於吐噶喇列島近海，震源深度30公里，鹿兒島縣十島村觀測到最大震度5弱。
吐噶喇列島的寶島、小寶島、惡石島近海一帶，向來是群發地震頻繁發生的地區，在2023年9月曾在2天內觀測到292次有感地震。",經濟日報,2025-06-30,,True,日本,"鹿兒島縣,吐噶喇列島,十島村,寶島,小寶島,惡石島",地震,日本鹿兒島縣地震,日本鹿兒島縣今日下午發生規模5.1地震，震央位於吐噶喇列島近海，震源深度30公里，最大震度達5弱，無海嘯風險。此地區為地震多發區，2023年9月曾記錄292次有感地震，提醒當地居民注意安全。,此次地震規模5.1，最大震度5弱，影響範圍涵蓋鹿兒島縣十島村附近，無報告人員傷亡、撤離或財產損失。該地區為群發地震頻繁發生區，僅作為常見地震事件，無重大後續影響。,國外,2025年6月30日，日本鹿兒島縣十島村及吐噶喇列島發生規模5.1至5.5的群發地震，最大震度達6弱，影響範圍涵蓋惡石島、小寶島等地，以及秋田縣大仙市等區域。自6月21日起，已記錄超過800次地震，震源深度約10-30公里，無人員傷亡、撤離或財產損失報告。日本氣象廳持續警戒可能強震及次生災害如落石，呼籲居民提高警覺，以確保公共安全。
日本鹿兒島與秋田發生有感地震 無海嘯威脅,https://money.udn.com/money/story/5599/8847387,"日本鹿兒島縣十島村今晨起相繼發生震度4與3不等的地震；位在日本東北地區的秋田縣今天上午7時33分左右，發生最大震度3的地震，前述區域已觀測到的地震並無海嘯威脅。
日本放送協會（NHK）報導，位在九州外海的十島村，今晨起陸續發生多起地震，其中惡石島今天上午6時51分左右（台北時間5時51分）觀測到最大震度4，小寶島與鹿兒島縣的奄美市觀測到震度2。
吐噶喇列島的惡石島與小寶島附近等地，上月21日以來地震活動變得頻繁，惡石島6月30日與昨天也曾發生震度5弱的地震。
這個區域2023年與2021年也曾出現頻繁的地震活動，不過近日測得震度1以上的地震次數大幅超越過去案例。
另外，秋田縣今天上午7時33分左右（台北時間6時33分左右）發生的地震，推估規模3.8，震央位於秋田縣內陸的南部地區，震源深度10公里。
秋田縣大仙市測得最大震度3；秋田縣仙北市與美鄉町觀測到震度2；秋田市、岩手縣花卷市等地測得震度1。",經濟日報,2025-07-03,,True,日本,"鹿兒島縣十島村,惡石島,小寶島,奄美市,吐噶喇列島,秋田縣,大仙市,仙北市,美鄉町,秋田市,岩手縣花卷市",地震,日本鹿兒島縣地震,日本鹿兒島縣十島村今日發生多起地震，包括上午6時51分左右的震度4地震，惡石島和小寶島等地區受影響。秋田縣上午7時33分左右發生規模3.8、震度3地震，震源深度10公里。該地區自上月以來地震活動頻繁，但無海嘯威脅，僅局部地區如奄美市和秋田市觀測到輕微震度。,此次地震影響範圍包括鹿兒島縣的十島村、惡石島和小寶島等地（最大震度4），以及秋田縣的大仙市、仙北市和美鄉町等地（最大震度3）。無報告死亡人數、撤離人數或財產損失；地震活動自上月以來增頻，震源深度約10公里，無其他重大災害後果。,國外,2025年6月30日，日本鹿兒島縣十島村及吐噶喇列島發生規模5.1至5.5的群發地震，最大震度達6弱，影響範圍涵蓋惡石島、小寶島等地，以及秋田縣大仙市等區域。自6月21日起，已記錄超過800次地震，震源深度約10-30公里，無人員傷亡、撤離或財產損失報告。日本氣象廳持續警戒可能強震及次生災害如落石，呼籲居民提高警覺，以確保公共安全。
近期最強搖晃！鹿兒島規模5.5地震、十島村震度「6弱」 海自P-1緊急升空查看| 國際,https://newtalk.tw/news/view/2025-07-03/979784,"日本時間3日下午4時13分左右（台北時間下午3時13分），鹿兒島縣十島村惡石島觀測到震度「6弱」的強烈地震，震源位於吐噶喇列島近海，震源深度約20公里，地震規模推估為芮氏規模5.5。日本海上自衛隊於地震發生後迅速反應，派遣駐鹿屋基地的P-1海上巡邏機起飛，執行上空情報蒐集任務，以確認島嶼周邊是否有損害或異狀。
日本氣象廳表示，此次地震無引發海嘯之虞，但由於近期該地區地震活動頻繁，呼籲民眾注意後續可能發生的強震及山崩、落石等次生災害。根據統計，自6月21日起，吐噶喇列島近海已發生超過1030次震度1以上的地震，其中包括多次震度5弱及以上的強震。此次震度6弱為近期最強烈的一次，惡石島震感強烈，小寶島則觀測到震度3。十島村當局表示，截至目前未接獲重大災情通報，但地震頻發引發居民不安。
現正最夯：不斷更新》彰化、台中宣布18時起放颱風假！7/6各縣市停班停課一覽
專家指出，吐噶喇列島位於火山活動活躍區域，地震頻發可能與海底地質活動有關，但目前尚無證據顯示與更大規模地震如南海槽地震直接相關。",Newtalk新聞,2025-07-03,https://images.newtalk.tw/resize_action2/800/album/news/980/6866449414063.jpg,True,日本,"鹿兒島縣,十島村,惡石島,吐噶喇列島,小寶島,彰化,台中",地震,日本鹿兒島縣地震,日本鹿兒島縣十島村於3日下午發生芮氏規模5.5地震，震源位於吐噶喇列島近海，深度約20公里，當地震度達6弱。日本海上自衛隊迅速派遣P-1巡邏機檢查周邊。自6月21日起，該地區已發生超過1030次震度1以上地震，無海嘯威脅，但呼籲民眾注意後續強震及次生災害如山崩。,此次地震無重大災情報告，無死亡、撤離或財產損失數據。影響範圍限於鹿兒島縣十島村，惡石島震度6弱、小寶島震度3。由於近期地震頻繁，可能引發次生災害如落石，呼籲居民提高警覺。,國內,2025年6月30日，日本鹿兒島縣十島村及吐噶喇列島發生規模5.1至5.5的群發地震，最大震度達6弱，影響範圍涵蓋惡石島、小寶島等地，以及秋田縣大仙市等區域。自6月21日起，已記錄超過800次地震，震源深度約10-30公里，無人員傷亡、撤離或財產損失報告。日本氣象廳持續警戒可能強震及次生災害如落石，呼籲居民提高警覺，以確保公共安全。
7月5日大地震前震? 日本鹿兒島海域發生5.5地震此前當地已有超過800次地震| 國際,https://newtalk.tw/news/view/2025-07-02/979600,"被譽為「日本龍婆」漫畫家竜樹諒，預言「日本 7 月 5 日將發生毀滅性大地震，1／3 國土都將消失」。而日本最近就巧合性的發生地震。
日本鹿兒島縣附近海域今 ( 2 ) 日發生強烈地震。日本氣象廳發佈消息稱，當地時間 15 時 26 分左右，鹿兒島縣吐噶喇列島近海附近發生 5.5 級地震，最大震感為震度 5 弱，震源深度10公里。本次地震沒有引發海嘯的風險。
持續更新：不裝我的雷達就不買！ 印要求俄更改蘇-57E雷達 專家：欲降對外國供應商依賴
吐噶喇列島位於鹿兒島縣南部，由 12 座島組成，其中 7 座有人居住。6 月 21 日以來，當地已監測到超過 800 次有感地震，其中多次達到 5.1 級。日本氣象廳此前警告，未來仍可能發生更強地震，呼籲民眾保持警惕。
被譽為「日本龍婆」漫畫家竜樹諒，預言「日本 7月 5日將發生毀滅性大地震，1／3 國土都將消失」。   圖 : 翻攝自竜樹諒《我所看見的未來》",Newtalk新聞,2025-07-02,https://images.newtalk.tw/resize_action2/800/album/news/980/6865067968f31.jpg,True,日本,"鹿兒島縣,吐噶喇列島",地震,日本鹿兒島縣地震,日本鹿兒島縣吐噶喇列島近海發生5.5級地震，震源深度10公里，最大震感為5弱。這是6月21日以來超過800次有感地震的一部分，日本氣象廳警告未來可能有更強地震，呼籲民眾保持警惕。無海嘯風險，事件與漫畫家預言有關聯，但未證實。,本次地震無報告死亡人數、撤離人數或財產損失。影響範圍限於鹿兒島縣吐噶喇列島，由12座島組成，其中7座有人居住。自6月21日起，該地區已發生超過800次地震，日本氣象廳持續警戒可能更強震動，以確保公眾安全。,國外,2025年6月30日，日本鹿兒島縣十島村及吐噶喇列島發生規模5.1至5.5的群發地震，最大震度達6弱，影響範圍涵蓋惡石島、小寶島等地，以及秋田縣大仙市等區域。自6月21日起，已記錄超過800次地震，震源深度約10-30公里，無人員傷亡、撤離或財產損失報告。日本氣象廳持續警戒可能強震及次生災害如落石，呼籲居民提高警覺，以確保公共安全。
希臘克里特島野火延燒 當局緊急撤離數千人,https://money.udn.com/money/story/5599/8848126?from=edn_related_storybottom,"希臘熱門度假勝地克里特島（Crete）今天發生野火，火勢波及森林一帶，甚至威脅民宅。消防人員奮力與大火搏鬥，並緊急疏散島上至少4個聚落的居民與觀光客。
路透社報導，希臘消防當局表示，至少有155名消防員、38輛消防車及灑水車在希臘最大島的東南沿岸城鎮耶拉派特拉（Ierapetra）參與滅火行動。
在強風助長下，今天下午爆發的火勢迅速延燒，不僅阻礙救火行動，多處火勢更是死灰復燃。當局指出，增援人員正緊急從雅典搭乘船隻與飛機趕赴現場。
一名消防官員匿名表示：「這場火災非常棘手，目前仍在延燒。」他說，火勢難以撲滅的原因在於強風和地形帶來的挑戰。
據當地電視台報導，有些民宅已遭大火損毀，所幸目前未傳出有人員傷亡。當局稍早下令撤離阿克利亞（Achlia）及鄰近3個聚落。地方官員指出，已將大約3000人安置到臨時避難所。
此外，希臘消防員今晚也在基西拉島（Kythera）和北部的哈奇帝奇（Chalkidiki）地區試圖撲滅野火。",經濟日報,2025-07-03,,True,希臘,"克里特島,耶拉派特拉,阿克利亞,基西拉島,哈奇帝奇,雅典",野火,希臘克里特島野火,希臘克里特島野火延燒，威脅森林和民宅，消防人員動員155人及38輛車滅火。強風助長火勢，導致至少4個聚落撤離約3000名居民和觀光客。民宅部分損毀，無人員傷亡，當局從雅典緊急增援。,野火導致約3000人撤離，民宅部分損毀，無死亡或傷亡報告。影響範圍包括克里特島東南沿岸城鎮如耶拉派特拉和阿克利亞等聚落，以及基西拉島和哈奇帝奇地區，火勢因強風持續延燒。,國外,2025-07-03，希臘克里特島東南沿岸發生野火，影響耶拉派特拉和阿克利亞等聚落，以及基西拉島和哈奇帝奇地區。火勢因強風迅速延燒，導致約3000人撤離，多處民宅損毀，但無死亡或傷亡報告。消防隊出動155名員警、38輛車輛滅火，增援正從雅典趕赴現場，火勢持續受地形挑戰。
歐洲野火蔓延 土耳其法國希臘消防人員疲於奔命,https://money.udn.com/money/story/5599/8853562?from=edn_newest_index,"土耳其、法國和希臘等歐洲多國今天爆發多起野火。熱浪侵襲多日之後，這些國家南部的消防人員無不疲於奔命、忙著滅火。
法新社報導，在土耳其，乾旱肆虐影響下，消防人員過去一週因應的火災數量多達600多起。當局表示，伊茲米爾省（Izmir）有1名林場工作人員於滅火時受傷，後傷重不治身亡。
農林部長尤馬克里（Ibrahim Yumakli）在社群平台X發文表示，伊茲米爾省這場大火已於昨晚獲得控制。他說，主要發生在西部和中部的另外6處森林大火，同樣獲得控制。
然而，土耳其南部濱海地區多提爾（Dortyol）的大火火勢還未撲滅。當地靠近土耳其和敘利亞交界處。
土耳其大致躲過了最近席捲南歐的熱浪，但強風卻加劇森林火勢。
在法國，氣象局今天表示，6月19日開始的這波熱浪昨天正式結束，前後共16天，與2003年那波致命熱浪天數相同。
不過，就在同一天，本季首波大火在法國南部爆發，包括隆河口省（Bouches-du-Rhone）和埃羅省（Herault），以致當局在暑假第一個週末就關閉一條主要高速公路的部分路段。
埃羅省省會蒙貝列（Montpellier）不遠的米爾瓦勒（Mireval），一場大火在風勢助長下蔓延，消防人員疏散約10人。
在希臘艾維亞島（Evia），昨晚至今晨期間有部分地區遭大火肆虐，一名疑似引發火災的52歲男子已經被捕。
希臘廣播電視公司（ERT）報導，這名男子疑似在清理一片灌木叢時，火勢突然爆發並迅速失控。
鑒於各地氣溫居高不下、強風不斷，希臘消防員今天仍處於高度戒備狀態。",經濟日報,2025-07-06,,True,土耳其,"伊茲米爾省,多提爾,土耳其南部濱海地區,隆河口省,埃羅省,蒙貝列,米爾瓦勒,希臘艾維亞島",野火,土耳其伊茲米爾省野火,歐洲多國爆發野火，土耳其、法國和希臘深受影響。土耳其因乾旱和強風，過去一週發生逾600起火災，導致伊茲米爾省1人死亡；法國南部熱浪後火勢蔓延，疏散約10人並關閉高速公路；希臘艾維亞島火災失控，一名疑似肇事者被捕。消防人員持續奮戰應對高溫與風勢。,此次野火事件造成土耳其伊茲米爾省1人死亡，法國南部疏散約10人，無財產損失數據；影響範圍涵蓋土耳其西部、中部和南部濱海地區、法國隆河口省與埃羅省，以及希臘艾維亞島，伴隨熱浪和強風加劇火勢蔓延。,國外,2025-07-05，歐洲多國爆發嚴重野火，影響土耳其、法國和希臘。土耳其伊茲米爾省等西部、中部及南部地區造成3人死亡、燒毀約5000公頃土地，並撤離5萬多人；法國隆河口省與埃羅省疏散約10人；希臘艾維亞島火災導致一人被捕。熱浪與強風加劇火勢蔓延，當地當局已控制部分火災，但南部土耳其地區火勢持續，凸顯乾旱威脅。
熱浪席捲歐洲 西班牙山林大火2死,https://news.ltn.com.tw/news/world/breakingnews/5093932,"加泰隆尼亞地區主席伊拉在X上指出，他得知2人因火災喪生後感到震驚。（歐新社）
〔編譯謝宜哲／綜合報導〕西班牙消防員1日說，西班牙東北部熱浪侵襲，一場大火過後，他們發現了2具屍體。本週席捲歐洲熱浪打破高溫紀錄，學校停課，加劇火災風險。
根據《法新社》報導，雷里達省1日幾乎同時發生2起山火，1.4萬人被加泰隆尼亞地區當局要求在家隔離。消防和緊急服務部門指出，起發生在科斯科市（Cosco）附近的火災發現2人死亡。
火災具體原因尚不清楚，但消防部門說，近期高溫、乾燥天氣以及風暴帶來的強風加劇火勢。加泰隆尼亞地區主席伊拉（Salvador Illa）在X上指出，他得知2人因火災喪生後感到震驚。
西班牙正處於強烈熱浪中，許多地方氣溫超過攝氏40度，創下了6月多項高溫紀錄。南部城市科爾多瓦和巴塞隆納都有1人死亡，2人均在6月28日道路施工時死亡，很可能是中暑。
科學家指出，人為造成的氣候變化，熱浪和暴風雨等極端天氣事件正變得更加猛烈。
在過去的熱浪中，歐洲已有數萬人喪生，這促使當局向老年人、兒童、病人以及其他易受專家所稱的「隱形殺手」影響人群發出警告。
不用抽 不用搶 現在用APP看新聞 保證天天中獎　 點我下載APP　 按我看活動辦法",自由時報,2025-07-02,https://img.ltn.com.tw/Upload/news/600/2025/07/02/5093932_1_1.jpg,True,西班牙,"加泰隆尼亞地區,雷里達省,Cosco,科爾多瓦,巴塞隆納",野火,西班牙加泰隆尼亞地區野火,西班牙東北部因熱浪侵襲，發生山火導致2人死亡，1.4萬人被要求在家隔離。高溫超過攝氏40度，伴隨乾燥天氣和強風加劇火勢，加泰隆尼亞地區首當其衝。科學家指出，氣候變化使極端天氣更頻繁，歐洲正面臨熱浪威脅，當地當局已發出警告給易受影響族群。,西班牙山火造成2人死亡，另有南部城市中暑案例導致至少1人死亡；1.4萬人被要求在家隔離。影響範圍涵蓋東北部加泰隆尼亞地區和雷里達省，高溫超過40度加劇火勢，無明確財產損失數據，但火災風險因氣候變化而升高。,國外,2025-07-02，西班牙東北部加泰隆尼亞地區和雷里達省發生山火與熱浪災害，高溫超過40度加劇火勢，導致2人山火死亡及南部城市中暑致1人死亡。影響範圍包括1.4萬人被要求在家隔離，無明確財產損失數據。氣候變化使極端天氣更猛烈，當地當局發出警告予易受影響族群，並持續監控火災風險。
加州今年最大野火「馬德雷大火」 延燒逾7萬英畝,https://news.ltn.com.tw/news/world/breakingnews/5097657,"美國加州爆發「馬德雷大火」（Madre Fire），消防員在New Cuyama附近滅火。（路透）
〔中央社〕美國加州今年以來最大規模野火過去3天來已吞噬超過7萬英畝土地，當局已經派出數百名消防員救火，力圖控制火勢。
法新社報導，「馬德雷大火」（Madre Fire）2日在加州中部鄉村地區聖路易奧比斯波郡（San Luis Obispo County）爆發。約200人接獲疏散命令，數十棟建築受火勢威脅。
根據加州森林防火廳（Cal Fire）今天提供的最新數據，這場野火2日以來已吞噬7萬800英畝土地，當局已派出超過600名消防員以及40輛消防車，力圖控制火勢。
這是加州今年以來最大規模野火；年初，加州就曾遭野火肆虐，當時燒毀洛杉磯大片地區。
這是美國總統川普（Donald Trump）下令削減氣候災害應變相關聯邦機構預算及員額後的第一個夏季，受影響機構包含農業部林務署（Forest Service）、國家海洋暨大氣總署（NOAA）與聯邦緊急事故管理總署（FEMA）。
加州州長紐松（Gavin Newsom）今天指出，過去24小時，加州的聯邦土地上新增了15起野火。他呼籲總統川普優先撥款以強化消防資源。
紐松在社群平台X上寫道：「川普必須清醒過來，開始提供資金給這些鄉村地區的聯邦消防員與土地管理團隊，而不是幫億萬富豪減稅。」
紐松2日指控川普未編列足夠經費支持野火防治計畫。紐松在記者會上說：「我們需要相稱的資源投入，而非空泛口號。」他指出，加州超過50％土地是由聯邦政府管轄。
不用抽 不用搶 現在用APP看新聞 保證天天中獎　 點我下載APP　 按我看活動辦法",自由時報,2025-07-05,https://img.ltn.com.tw/Upload/news/600/2025/07/05/php8gDhHz.jpg,True,美國,"加州,New Cuyama,聖路易奧比斯波郡,洛杉磯",野火,美國加州野火,美國加州爆發「馬德雷大火」，已燒毀超過7萬800英畝土地，導致約200人疏散，數十棟建築受威脅。消防隊派出超過600名消防員和40輛消防車進行撲救。這是今年最大野火，州長紐松呼籲聯邦政府增加資源以強化消防應對。,此次野火已燒毀超過7萬800英畝土地，導致約200人疏散，數十棟建築受火勢威脅。影響範圍集中在加州聖路易奧比斯波郡New Cuyama附近。無報告死亡人數或具體財產損失，但火災凸顯資源短缺問題，州長要求聯邦撥款強化消防隊伍。,國外,"2025年7月5日，美國加州聖路易奧比斯波郡New Cuyama附近爆發「馬德雷大火」，這是今年最大規模野火，已燒毀超過7萬800英畝土地，導致約200人疏散，數十棟建築受火勢威脅，無報告死亡或具體財產損失。當地派出超過600名消防員和40輛消防車全力撲滅火勢。州長紐松呼籲聯邦撥款強化消防資源，凸顯氣候災害應變預算短缺問題，影響加州野火防治能力。""（字數：128）"
土耳其西部伊茲米爾省野火 死亡增至3人,https://money.udn.com/money/story/5599/8853113,"土耳其官員今天表示，西部伊茲米爾省（Izmir）厄代米什縣（Odemis）爆發的野火再添1名林業工人傷重不治，使得罹難人數上升至3人，所幸當地火勢已獲控制。
法新社報導，土耳其過去一週雖未如南歐其他地區遭遇熱浪侵襲，卻受乾旱所苦，當地消防員必須撲滅600多起野火，但大風助長火勢。
厄代米什位在度假勝地伊茲米爾市東方約100公里處，當地野火已在3日奪走2人性命，分別是1名81歲臥床男子及1名39歲林業工人。
土耳其農林部長尤馬克里（Ibrahim Yumakli）今天在社群媒體平台X發文表示，另1名林業工人沙辛（Ragip Sahin）在滅火時受傷送醫治療，如今也傷重不治。
尤馬克里還說，截至昨天晚間，厄代米什和土耳其另外6地野火已獲控制，大多在西部與中部地區；但南部哈泰省（Hatay）濱海的多提爾縣（Dortyol）野火仍未獲控制。
厄代米什市長杜欒（Mustafa Turan）在X平台發布影片表示：「大火來得猛烈，把一切燒得精光，約5000公頃土地化為灰燼。」
土耳其救難人員已在6月30日撤離了5萬多人，以免受到連串野火波及。",經濟日報,2025-07-05,,True,土耳其,"伊茲米爾省,厄代米什縣,哈泰省,多提爾縣",野火,土耳其伊茲米爾省野火,土耳其西部伊茲米爾省的野火導致死亡人數增至3人，包括兩名林業工人。火勢已在多地獲控制，但南部哈泰省仍有持續燃燒。土耳其因乾旱而爆發600多起野火，約5000公頃土地化為灰燼，當地消防員積極應對以減輕損失。,此次野火造成3人死亡，包括1名81歲男子和2名林業工人；土耳其當局於6月30日撤離約5萬多人。財產損失包括約5000公頃土地被燒毀。影響範圍涵蓋西部伊茲米爾省和中部地區，南部哈泰省火勢未滅，凸顯乾旱對土耳其的整體威脅。,國外,2025-07-05，歐洲多國爆發嚴重野火，影響土耳其、法國和希臘。土耳其伊茲米爾省等西部、中部及南部地區造成3人死亡、燒毀約5000公頃土地，並撤離5萬多人；法國隆河口省與埃羅省疏散約10人；希臘艾維亞島火災導致一人被捕。熱浪與強風加劇火勢蔓延，當地當局已控制部分火災，但南部土耳其地區火勢持續，凸顯乾旱威脅。
